{
  "version": "1.1.1",
  "windows": {
    "main": {
      "main": true,
      "url": "app://editor/index.html",
      "windowType": "dockable",
      "x": 44,
      "y": 47,
      "width": 1737,
      "height": 1006,
      "layout": {
        "children": [
          {
            "children": [
              {
                "active": 0,
                "children": [
                  "hierarchy"
                ],
                "height": 321.078125,
                "type": "panel",
                "width": 312
              },
              {
                "active": 0,
                "children": [
                  "assets"
                ],
                "height": 562.125,
                "type": "panel",
                "width": 312
              }
            ],
            "height": 885.21875,
            "type": "dock-v",
            "width": 312
          },
          {
            "children": [
              {
                "children": [
                  {
                    "active": 0,
                    "children": [
                      "scene"
                    ],
                    "height": 462.109375,
                    "type": "panel",
                    "width": 653.984375
                  },
                  {
                    "active": 0,
                    "children": [
                      "node-library"
                    ],
                    "height": 462.109375,
                    "type": "panel",
                    "width": 321
                  }
                ],
                "height": 462.109375,
                "type": "dock-h",
                "width": 977
              },
              {
                "active": 0,
                "children": [
                  "console",
                  "timeline"
                ],
                "height": 421.109375,
                "type": "panel",
                "width": 977
              }
            ],
            "height": 885.21875,
            "type": "dock-v",
            "width": 977
          },
          {
            "active": 0,
            "children": [
              "inspector",
              "cocos-services"
            ],
            "height": 885.21875,
            "type": "panel",
            "width": 428
          }
        ],
        "type": "dock-h"
      },
      "panels": [
        "hierarchy",
        "assets",
        "node-library",
        "console",
        "timeline",
        "inspector",
        "cocos-services",
        "scene"
      ]
    }
  },
  "panels": {
    "project-settings": {
      "x": 662,
      "y": 240,
      "width": 600,
      "height": 565
    },
    "builder": {
      "x": 923,
      "y": 107,
      "width": 670,
      "height": 739
    },
    "preferences": {
      "x": 662,
      "y": 240,
      "width": 596,
      "height": 559
    },
    "sprite-editor": {
      "x": 702,
      "y": 240,
      "width": 516,
      "height": 539
    }
  }
}