{
  "f8e6b000-5643-4b86-9080-aa680ce1f599": {
    "asset": 1548404437973,
    "meta": 1546831318000,
    "relativePath": "image"
  },
  "fc09f9bd-2cce-4605-b630-8145ef809ed6": {
    "asset": 1548404395134,
    "meta": 1546831318000,
    "relativePath": "misc"
  },
  "f6e6dd15-71d1-4ffe-ace7-24fd39942c05": {
    "asset": 1548404438239,
    "meta": 1546831318000,
    "relativePath": "obsolete"
  },
  "f743d2b6-b7ea-4c14-a55b-547ed4d0a045": {
    "asset": 1548404438250,
    "meta": 1546831318000,
    "relativePath": "particle"
  },
  "ae6c6c98-11e4-452f-8758-75f5c6a56e83": {
    "asset": 1548404437985,
    "meta": 1546831318000,
    "relativePath": "prefab"
  },
  "a117adc1-245f-470a-8357-2aac50817ca1": {
    "asset": 1550580407997,
    "meta": 1549771890747,
    "relativePath": "hall"
  },
  "bafff9f1-60b6-49d9-9343-71a33d73d8d8": {
    "asset": 1550580407718,
    "meta": 1549771888212,
    "relativePath": "hall\\json"
  },
  "7b6ef426-3e52-42df-88e2-4ea59feee124": {
    "asset": 1550580407722,
    "meta": 1549771847115,
    "relativePath": "hall\\json\\online"
  },
  "a11c6dc5-6a5f-4a3e-80d6-3d2fe534f28b": {
    "asset": 1550580407824,
    "meta": 1549771888221,
    "relativePath": "hall\\res"
  },
  "a1186198-2b23-41c4-abfc-0f83d4b80d69": {
    "asset": 1550580407886,
    "meta": 1549771848059,
    "relativePath": "hall\\res\\textures"
  },
  "af20c614-f94b-46d1-bc9a-267eff352009": {
    "asset": 1550580407927,
    "meta": 1549771872688,
    "relativePath": "hall\\res\\textures\\game\\bjl_anim"
  },
  "1cdac5e2-e06d-400e-865b-75273755dea4": {
    "asset": 1549771872259,
    "meta": 1549772128135,
    "relativePath": "hall\\res\\textures\\game\\bjl_anim\\bjldh.atlas"
  },
  "f02f762e-3868-404e-a450-76dc513ffab5": {
    "asset": 1549771872313,
    "meta": 1549772128219,
    "relativePath": "hall\\res\\textures\\game\\bjl_anim\\bjldh.png"
  },
  "7990a09d-9444-4844-b752-2c89082ab61b": {
    "asset": 1549771872217,
    "meta": 1549772163008,
    "relativePath": "hall\\res\\textures\\game\\bjl_anim\\bjldh.json"
  },
  "d9ba809a-afc7-440a-a7bd-452d2fb371a3": {
    "asset": 1550580407982,
    "meta": 1549771871300,
    "relativePath": "hall\\res\\textures\\game\\lkpy_ani"
  },
  "3c4968b4-8aae-49db-835a-2d851847cbb7": {
    "asset": 1549771870734,
    "meta": 1549772130398,
    "relativePath": "hall\\res\\textures\\game\\lkpy_ani\\buyudh.atlas"
  },
  "fbdeaa9a-cb06-421e-ad94-b6180f750ab8": {
    "asset": 1549771870773,
    "meta": 1549772130454,
    "relativePath": "hall\\res\\textures\\game\\lkpy_ani\\buyudh.png"
  },
  "6f89b5d6-8186-4819-8344-459ccf2f12bc": {
    "asset": 1549771870807,
    "meta": 1549772163141,
    "relativePath": "hall\\res\\textures\\game\\lkpy_ani\\buyudh.json"
  },
  "cc102ccc-6aad-452b-9ddb-8696e2f99970": {
    "asset": 1550580407954,
    "meta": 1549771854981,
    "relativePath": "hall\\res\\textures\\game\\ddz_ani"
  },
  "1077488b-3bd7-4406-9d4f-c444b837004d": {
    "asset": 1549771854773,
    "meta": 1549772132516,
    "relativePath": "hall\\res\\textures\\game\\ddz_ani\\ddzdh.atlas"
  },
  "0f2414e5-a027-4b4a-9bb1-e04f769668b3": {
    "asset": 1549771854796,
    "meta": 1549772132590,
    "relativePath": "hall\\res\\textures\\game\\ddz_ani\\ddzdh.png"
  },
  "0284c944-87a2-404d-bdfc-d347d112e0bb": {
    "asset": 1549771854819,
    "meta": 1549772163349,
    "relativePath": "hall\\res\\textures\\game\\ddz_ani\\ddzdh.json"
  },
  "a11ccfdd-e9bb-4397-8f2b-0197031e44bd": {
    "asset": 1550580407995,
    "meta": 1549771840324,
    "relativePath": "hall\\scenes"
  },
  "a11ae41e-bd0f-4507-8017-8588f27b04f3": {
    "asset": 1550580408264,
    "meta": 1549771887723,
    "relativePath": "hall\\scripts"
  },
  "a11bf889-94e0-441e-b577-81d9ae8538aa": {
    "asset": 1550580408074,
    "meta": 1549771846950,
    "relativePath": "hall\\scripts\\scenes"
  },
  "4288db7a-2b9d-4c00-94cc-923e278a9493": {
    "asset": 1550580408116,
    "meta": 1549771841082,
    "relativePath": "hall\\scripts\\scenes\\coms"
  },
  "nn1a991e-5d05-4604-9a56-e065c63fa41a": {
    "asset": 1550580421083,
    "meta": 1549771840296,
    "relativePath": "resources"
  },
  "a1185049-fd9d-4e02-b279-dba958f649bd": {
    "asset": 1550580421091,
    "meta": 1549771897340,
    "relativePath": "resources\\hall"
  },
  "a111b813-56e2-4f1c-ad1b-537e954c3636": {
    "asset": 1550580421094,
    "meta": 1549771896291,
    "relativePath": "resources\\hall\\prefabs"
  },
  "a11241e3-cd26-4508-aa3d-94a0eb336720": {
    "asset": 1550578996746,
    "meta": 1550580432036,
    "relativePath": "hall\\scenes\\ChooseGame.fire"
  },
  "a111ef2c-d39d-49df-8769-3ec4d126d15b": {
    "asset": 1550497425622,
    "meta": 1549778184581,
    "relativePath": "resources\\hall\\audios"
  },
  "a11ad90b-9ce7-4a0d-9938-b2e6c8819c77": {
    "asset": 1550580421101,
    "meta": 1549778188554,
    "relativePath": "resources\\hall\\prefabs\\Dlgs"
  },
  "a115a2b8-1753-4141-a4f4-6886319c1140": {
    "asset": 1550578272170,
    "meta": 1550580432546,
    "relativePath": "resources\\hall\\prefabs\\Dlgs\\DlgSetting.prefab"
  },
  "588b44b4-da5d-406f-83c1-5df1e62fca2a": {
    "asset": 1550580407956,
    "meta": 1550488703644,
    "relativePath": "hall\\res\\textures\\game"
  },
  "e0dd065c-c801-4279-9f5b-9970c39b2f70": {
    "asset": 1550580408267,
    "meta": 1550489537670,
    "relativePath": "hall\\scripts\\views"
  },
  "a1147ed7-5a30-4985-86dc-85730617f606": {
    "asset": 1550580408283,
    "meta": 1548479099612,
    "relativePath": "hall\\scripts\\views\\Dlgs"
  },
  "8c897fe2-3aa1-4c9c-b623-fa945a40b433": {
    "asset": 1550580407884,
    "meta": 1550489626853,
    "relativePath": "hall\\res\\textures\\dlgSetting"
  },
  "bf2242ee-2cdd-494d-949f-7cb6d903b517": {
    "asset": 1550489641664,
    "meta": 1550489641697,
    "relativePath": "hall\\res\\textures\\dlgSetting\\zi16.PNG"
  },
  "7aa2fc49-1987-4599-acec-9796d7f52587": {
    "asset": 1550489665890,
    "meta": 1550489665945,
    "relativePath": "hall\\res\\textures\\dlgSetting\\bgmain_small.png"
  },
  "48e46447-860d-43b8-9312-7bfe5d357b0d": {
    "asset": 1550489668424,
    "meta": 1550489668447,
    "relativePath": "hall\\res\\textures\\dlgSetting\\bgmain_close.png"
  },
  "a11ed961-ffa9-489f-a3f7-8c556a511ac5": {
    "asset": 1550489861458,
    "meta": 1550489863849,
    "relativePath": "hall\\scripts\\views\\Dlgs\\DlgSetting.js"
  },
  "d5f581ef-901b-4604-8fad-e433c8d71567": {
    "asset": 1550580407868,
    "meta": 1550490126587,
    "relativePath": "hall\\res\\textures\\chooseScene"
  },
  "93b61619-2e86-43c2-af5a-c5d87ca7b67a": {
    "asset": 1550490151627,
    "meta": 1550490151693,
    "relativePath": "hall\\res\\textures\\chooseScene\\bg_hall2.png"
  },
  "5e133b8e-4781-4b3e-9c80-018c65ea3057": {
    "asset": 1550580408024,
    "meta": 1550490566274,
    "relativePath": "hall\\scripts\\defines"
  },
  "aadb461c-856f-4f5c-b4a8-58bf143d05b1": {
    "asset": 1550580408130,
    "meta": 1550490786267,
    "relativePath": "hall\\scripts\\utils"
  },
  "a1142e27-cd08-4c1a-9190-01cf0da38cf5": {
    "asset": 1550580408219,
    "meta": 1550490786193,
    "relativePath": "hall\\scripts\\utils\\libs"
  },
  "a111bbbf-e95c-45b1-99a3-fdbd7ba4b8aa": {
    "asset": 1550580408262,
    "meta": 1550490786220,
    "relativePath": "hall\\scripts\\utils\\libs\\crypt"
  },
  "a118314f-ead1-4034-897e-f964110e393e": {
    "asset": 1550490786218,
    "meta": 1550490786578,
    "relativePath": "hall\\scripts\\utils\\libs\\big-number.js"
  },
  "a118877f-685b-4287-affd-1b8bb43f6769": {
    "asset": 1550490786252,
    "meta": 1550490786712,
    "relativePath": "hall\\scripts\\utils\\libs\\crypt\\CryptUtil.js"
  },
  "a1151113-86c5-46d3-9a56-6ed5fb2758d4": {
    "asset": 1550490786242,
    "meta": 1550490786765,
    "relativePath": "hall\\scripts\\utils\\libs\\crypt\\MD5.js"
  },
  "a1164b91-be39-4a8b-a906-1110bd844b45": {
    "asset": 1550490786258,
    "meta": 1550490786893,
    "relativePath": "hall\\scripts\\utils\\libs\\crypt\\XXTea.js"
  },
  "a11f1f67-5125-41a9-be3a-5805a87dbd77": {
    "asset": 1550490786216,
    "meta": 1550490787125,
    "relativePath": "hall\\scripts\\utils\\libs\\LZString.js"
  },
  "a1196c07-6b24-435c-8748-3db307486193": {
    "asset": 1550490786236,
    "meta": 1550490787330,
    "relativePath": "hall\\scripts\\utils\\libs\\pomelo.js"
  },
  "a11bd454-e370-4a22-8601-3bd8923cf103": {
    "asset": 1550490786240,
    "meta": 1550490787544,
    "relativePath": "hall\\scripts\\utils\\libs\\qrcode.js"
  },
  "a11bbec3-2b1c-4563-ad98-6eebdd0e456a": {
    "asset": 1550490786260,
    "meta": 1550490787594,
    "relativePath": "hall\\scripts\\utils\\libs\\underscore.js"
  },
  "ce1cd49b-af95-41ae-beeb-0b54a700b506": {
    "asset": 1550490786188,
    "meta": 1550490787597,
    "relativePath": "hall\\scripts\\utils\\ShaderUtils.js"
  },
  "75ffda09-aa2c-44ad-92de-28312add9705": {
    "asset": 1550580408045,
    "meta": 1550490834922,
    "relativePath": "hall\\scripts\\helper"
  },
  "59965697-a399-408c-bc84-2bf64318d6bf": {
    "asset": 1550578260329,
    "meta": 1550580432541,
    "relativePath": "resources\\hall\\prefabs\\Dlgs\\DlgGameNeedDownload.prefab"
  },
  "8a9a960d-f335-44e8-bc04-6595257dd37a": {
    "asset": 1550492528406,
    "meta": 1550492528458,
    "relativePath": "hall\\res\\textures\\bgmain_small.png"
  },
  "f553b55e-15b9-402c-867d-c77dcbc798e1": {
    "asset": 1550492558002,
    "meta": 1550492558026,
    "relativePath": "hall\\res\\textures\\an_qx.png"
  },
  "6701706d-8d34-4183-a7b5-196c80c05d60": {
    "asset": 1550492573190,
    "meta": 1550492573216,
    "relativePath": "hall\\res\\textures\\an_gx.png"
  },
  "11a91ee6-a7fd-4e22-8993-1af2169c0ff3": {
    "asset": 1550492733126,
    "meta": 1550492733154,
    "relativePath": "hall\\res\\textures\\wz_gxyx.png"
  },
  "215e4518-c4dd-41ad-8d56-7938040091ee": {
    "asset": 1550492806768,
    "meta": 1550493268208,
    "relativePath": "hall\\scripts\\scenes\\CustomScene.js"
  },
  "e3ed764f-3714-4997-837b-cbf542882799": {
    "asset": 1550495891616,
    "meta": 1550493288385,
    "relativePath": "games"
  },
  "d72785f1-7c2d-40d2-8913-935f7a401e60": {
    "asset": 1550495907458,
    "meta": 1550493313396,
    "relativePath": "games\\lkpy"
  },
  "0c43a00d-4bb9-4a43-968a-e8330d437b55": {
    "asset": 1550495631142,
    "meta": 1550493318784,
    "relativePath": "games\\ddz"
  },
  "bac5e39f-3f50-4a3b-82e9-c8b6dbeb11fc": {
    "asset": 1550493452895,
    "meta": 1550493344527,
    "relativePath": "games\\bjl"
  },
  "557d17f8-7681-483c-a5df-673335210b05": {
    "asset": 1550495916925,
    "meta": 1550493365305,
    "relativePath": "resources\\games"
  },
  "da534bef-54ec-4a2d-8f03-c4b5383bdb2b": {
    "asset": 1550493781293,
    "meta": 1550493382828,
    "relativePath": "resources\\games\\ddz"
  },
  "431c9d53-0c49-4c88-aff4-1eba5a9c1698": {
    "asset": 1550493778314,
    "meta": 1550493382987,
    "relativePath": "resources\\games\\lkpy"
  },
  "9a76dc49-b20e-49a6-b909-b60d4802f8d3": {
    "asset": 1550493772785,
    "meta": 1550493383140,
    "relativePath": "resources\\games\\bjl"
  },
  "da87cbb6-64e9-4bc4-b08a-194f5996070d": {
    "asset": 1550580320174,
    "meta": 1550580320196,
    "relativePath": "games\\bjl\\GameScene_BJL.fire"
  },
  "31fdcd94-1846-4d7f-873c-6667aeb5676a": {
    "asset": 1550494088724,
    "meta": 1550493436981,
    "relativePath": "games\\bjl\\scripts"
  },
  "0d144505-fd00-4396-8afc-ad938a64ae77": {
    "asset": 1550494121080,
    "meta": 1550493450163,
    "relativePath": "games\\bjl\\res"
  },
  "402232cb-95ca-415a-9dd4-a29c68992b69": {
    "asset": 1550580369761,
    "meta": 1550580369774,
    "relativePath": "games\\lkpy\\GameScene_LKPY.fire"
  },
  "2a2e4ac6-e6ba-47c4-9a2a-a96ef1247fca": {
    "asset": 1550580338314,
    "meta": 1550580338327,
    "relativePath": "games\\ddz\\GameScene_DDZ.fire"
  },
  "7d1fe31a-556d-4632-8a50-7ce2fc13c53f": {
    "asset": 1550493767548,
    "meta": 1550493767553,
    "relativePath": "resources\\games\\bjl\\audios"
  },
  "65835ae2-bda0-45e8-8fec-98f8468ceced": {
    "asset": 1550493778309,
    "meta": 1550493778318,
    "relativePath": "resources\\games\\lkpy\\audios"
  },
  "12056704-9b1f-4819-860d-eb1719cdd2ce": {
    "asset": 1550493781242,
    "meta": 1550493781296,
    "relativePath": "resources\\games\\ddz\\audios"
  },
  "a11e0e12-73d6-497c-ae89-6e143e2a6755": {
    "asset": 1550548823436,
    "meta": 1550549456628,
    "relativePath": "hall\\scripts\\scenes\\coms\\GameDownComponent.js"
  },
  "a117f610-1213-4e58-9153-96d15551f24e": {
    "asset": 1550495454831,
    "meta": 1550495458485,
    "relativePath": "hall\\scripts\\scenes\\coms\\UpdateComponent.js"
  },
  "6ad58512-6830-41f2-8d39-6dcb59dfcfa4": {
    "asset": 1550495594805,
    "meta": 1550495566541,
    "relativePath": "games\\lkpy\\res"
  },
  "762fab46-fac1-413d-b4cc-a0f2e67df614": {
    "asset": 1550496520427,
    "meta": 1550495571803,
    "relativePath": "games\\lkpy\\scripts"
  },
  "8db168f8-6317-4c4f-9d4f-4aa117ce8673": {
    "asset": 1550495581162,
    "meta": 1550495581167,
    "relativePath": "games\\lkpy\\res\\prefab"
  },
  "3e003038-8168-4f5f-b9df-aa591d215c07": {
    "asset": 1550580349664,
    "meta": 1550495590819,
    "relativePath": "games\\lkpy\\res\\textures"
  },
  "74b6ead9-2998-47ba-9bc9-01a180d4858d": {
    "asset": 1550495648280,
    "meta": 1550495621197,
    "relativePath": "games\\ddz\\res"
  },
  "c4e2d340-65a2-4399-9a24-33f71c4d4ae4": {
    "asset": 1550495663577,
    "meta": 1550495627132,
    "relativePath": "games\\ddz\\scripts"
  },
  "3d99626b-3b8f-4fd3-9894-44bb6a37595a": {
    "asset": 1550580334712,
    "meta": 1550495637191,
    "relativePath": "games\\ddz\\res\\textures"
  },
  "41146984-bde5-4ce9-899b-e4da043361af": {
    "asset": 1550495644565,
    "meta": 1550495644569,
    "relativePath": "games\\ddz\\res\\prefab"
  },
  "362ab9ec-1074-4ab4-b937-becc1fac4e43": {
    "asset": 1550494097602,
    "meta": 1550494097606,
    "relativePath": "games\\bjl\\res\\prefab"
  },
  "339b8a45-d66a-4541-ae7b-e276bd44ff17": {
    "asset": 1550580315327,
    "meta": 1550494114242,
    "relativePath": "games\\bjl\\res\\textures"
  },
  "bb642c42-eec1-4567-b2da-0c1386660652": {
    "asset": 1550494190227,
    "meta": 1550495697863,
    "relativePath": "games\\bjl\\res\\textures\\shezhi.png"
  },
  "3d23a9f5-e3f9-48e5-b19c-84d7c883b636": {
    "asset": 1550494190227,
    "meta": 1550495698099,
    "relativePath": "games\\bjl\\res\\textures\\tuichu.png"
  },
  "8ecfd0e8-52f1-4dde-94bc-b88624276cf4": {
    "asset": 1550496022397,
    "meta": 1550496039515,
    "relativePath": "hall\\scripts\\defines\\GlobalGameData.js"
  },
  "b322ade8-a419-481a-9b56-1622163cb561": {
    "asset": 1550494190227,
    "meta": 1550496472540,
    "relativePath": "games\\ddz\\res\\textures\\shezhi.png"
  },
  "80ec621c-dac2-475c-8d10-3f64c60b3453": {
    "asset": 1550494190227,
    "meta": 1550496472568,
    "relativePath": "games\\ddz\\res\\textures\\tuichu.png"
  },
  "0e5becc8-15ae-4a9a-85fe-bea4249526c5": {
    "asset": 1550494190227,
    "meta": 1550496472606,
    "relativePath": "games\\lkpy\\res\\textures\\tuichu.png"
  },
  "e94155a3-c961-4842-9c39-e15a6e583fd8": {
    "asset": 1550494190227,
    "meta": 1550496472610,
    "relativePath": "games\\lkpy\\res\\textures\\shezhi.png"
  },
  "0b13bf36-f3e6-4bba-b669-5917caa7f8dc": {
    "asset": 1550497050572,
    "meta": 1550497053836,
    "relativePath": "hall\\scripts\\scenes\\coms\\ComChooseGameState.js"
  },
  "826deb21-997c-418d-bfba-ff19a50f9895": {
    "asset": 1550580407770,
    "meta": 1550497848942,
    "relativePath": "hall\\res\\ani"
  },
  "eef04d34-c814-4b4a-9153-e1cae7faf4c5": {
    "asset": 1550497862977,
    "meta": 1550497863042,
    "relativePath": "hall\\res\\ani\\setup.json"
  },
  "b9efa1b1-a20b-4166-bc85-7f35bda5f8ee": {
    "asset": 1550497862980,
    "meta": 1550497863018,
    "relativePath": "hall\\res\\ani\\setup.atlas"
  },
  "fba0793b-dcda-4a07-8a54-93ce4f3971c3": {
    "asset": 1550497862968,
    "meta": 1550497863029,
    "relativePath": "hall\\res\\ani\\setup.png"
  },
  "466ff062-e58a-4122-bafb-72660cea2c4b": {
    "asset": 1550498794495,
    "meta": 1550498794524,
    "relativePath": "hall\\scripts\\helper\\CCLoaderHelper.js"
  },
  "5f190188-a65f-4ae7-97b0-d6ad7c6a1b86": {
    "asset": 1550498828476,
    "meta": 1550498829684,
    "relativePath": "hall\\scripts\\helper\\DataHelper.js"
  },
  "53c56be1-2174-42d9-a1a2-5267c1b2c131": {
    "asset": 1550499413359,
    "meta": 1550499415146,
    "relativePath": "hall\\scripts\\helper\\PBHelper.js"
  },
  "90812eea-5e33-4698-ac18-a43d8e1fcc1e": {
    "asset": 1550546768958,
    "meta": 1550547434015,
    "relativePath": "games\\bjl\\scripts\\GameScene_BJL.js"
  },
  "dff026a9-b688-4258-ba36-2cc8d26201c0": {
    "asset": 1550499795390,
    "meta": 1550547434023,
    "relativePath": "games\\ddz\\scripts\\GameScene_DDZ.js"
  },
  "045f3ef6-660f-4be3-9c4d-369975da7afa": {
    "asset": 1550499779562,
    "meta": 1550547434038,
    "relativePath": "games\\lkpy\\scripts\\GameScene_LKPY.js"
  },
  "4652331a-2d2c-44b6-ab0e-238aa5dbe35e": {
    "asset": 1550580069769,
    "meta": 1550580432410,
    "relativePath": "hall\\scripts\\helper\\UpdateHelper.js"
  },
  "f400542d-e8a5-48c4-9a1a-965364fad5e0": {
    "asset": 1550580407820,
    "meta": 1550550347157,
    "relativePath": "hall\\res\\LoadingScene"
  },
  "da8013f4-5e6c-4c4a-8871-149e37de92c9": {
    "asset": 1550550347143,
    "meta": 1550550347175,
    "relativePath": "hall\\res\\LoadingScene\\bar_1_1.png"
  },
  "9169bda0-a20d-4cee-b649-e6462c6287ad": {
    "asset": 1550550347138,
    "meta": 1550550347181,
    "relativePath": "hall\\res\\LoadingScene\\bar_1_0.png"
  },
  "a11eb8fa-2dbe-4c11-aa6f-a57d9c5ef0a8": {
    "asset": 1550580507212,
    "meta": 1550580507232,
    "relativePath": "hall\\scenes\\LoadingScene.fire"
  },
  "dda7ca0c-30c2-45fe-b788-2c07b8dd5a46": {
    "asset": 1550579901052,
    "meta": 1550580432409,
    "relativePath": "hall\\scripts\\helper\\GameHelper.js"
  },
  "a111c77c-b3a0-4f70-bd2e-f7d6016d4ece": {
    "asset": 1550551190365,
    "meta": 1550551194061,
    "relativePath": "hall\\scripts\\scenes\\ChooseGame.js"
  },
  "a1149f90-d310-41a9-a973-77a41dcb5210": {
    "asset": 1550551297534,
    "meta": 1550551299502,
    "relativePath": "hall\\scripts\\scenes\\LoadingScene.js"
  },
  "a115234e-1699-45a3-add5-650268597b64": {
    "asset": 1550580096763,
    "meta": 1550580431941,
    "relativePath": "hall\\json\\online\\project.manifest"
  },
  "c8770a40-912e-4031-ac8d-a3a781c3a083": {
    "asset": 1550576111285,
    "meta": 1550580432507,
    "relativePath": "hall\\scripts\\scenes\\coms\\ComHotUpdate.js"
  },
  "89aad4b2-c304-49bb-a439-6a686df2704a": {
    "asset": 1550559419685,
    "meta": 1550580432528,
    "relativePath": "hall\\scripts\\views\\Dlgs\\DlgGameNeedDownload.js"
  },
  "5bb13edb-389c-41e2-81c6-260de2d22ada": {
    "asset": 1550554891303,
    "meta": 1550554891339,
    "relativePath": "hall\\res\\textures\\line_2.png"
  },
  "71561142-4c83-4933-afca-cb7a17f67053": {
    "asset": 1546831318000,
    "meta": 1550580297869,
    "relativePath": "image\\default_btn_disabled.png"
  },
  "e851e89b-faa2-4484-bea6-5c01dd9f06e2": {
    "asset": 1546831318000,
    "meta": 1550580297872,
    "relativePath": "image\\default_btn_normal.png"
  },
  "b43ff3c2-02bb-4874-81f7-f2dea6970f18": {
    "asset": 1546831318000,
    "meta": 1550580297881,
    "relativePath": "image\\default_btn_pressed.png"
  },
  "edd215b9-2796-4a05-aaf5-81f96c9281ce": {
    "asset": 1546831318000,
    "meta": 1550580297883,
    "relativePath": "image\\default_editbox_bg.png"
  },
  "99170b0b-d210-46f1-b213-7d9e3f23098a": {
    "asset": 1546831318000,
    "meta": 1550580297896,
    "relativePath": "image\\default_progressbar_bg.png"
  },
  "d81ec8ad-247c-4e62-aa3c-d35c4193c7af": {
    "asset": 1546831318000,
    "meta": 1550580297899,
    "relativePath": "image\\default_panel.png"
  },
  "567dcd80-8bf4-4535-8a5a-313f1caf078a": {
    "asset": 1546831318000,
    "meta": 1550580297912,
    "relativePath": "image\\default_radio_button_off.png"
  },
  "cfef78f1-c8df-49b7-8ed0-4c953ace2621": {
    "asset": 1546831318000,
    "meta": 1550580297914,
    "relativePath": "image\\default_progressbar.png"
  },
  "4bab67cb-18e6-4099-b840-355f0473f890": {
    "asset": 1546831318000,
    "meta": 1550580297925,
    "relativePath": "image\\default_scrollbar_bg.png"
  },
  "9d60001f-b5f4-4726-a629-2659e3ded0b8": {
    "asset": 1546831318000,
    "meta": 1550580297926,
    "relativePath": "image\\default_radio_button_on.png"
  },
  "d6d3ca85-4681-47c1-b5dd-d036a9d39ea2": {
    "asset": 1546831318000,
    "meta": 1550580297936,
    "relativePath": "image\\default_scrollbar_vertical.png"
  },
  "617323dd-11f4-4dd3-8eec-0caf6b3b45b9": {
    "asset": 1546831318000,
    "meta": 1550580297939,
    "relativePath": "image\\default_scrollbar_vertical_bg.png"
  },
  "0275e94c-56a7-410f-bd1a-fc7483f7d14a": {
    "asset": 1546831318000,
    "meta": 1550580297949,
    "relativePath": "image\\default_sprite_splash.png"
  },
  "0291c134-b3da-4098-b7b5-e397edbe947f": {
    "asset": 1546831318000,
    "meta": 1550580297952,
    "relativePath": "image\\default_scrollbar.png"
  },
  "73a0903d-d80e-4e3c-aa67-f999543c08f5": {
    "asset": 1546831318000,
    "meta": 1550580297961,
    "relativePath": "image\\default_toggle_checkmark.png"
  },
  "6e056173-d285-473c-b206-40a7fff5386e": {
    "asset": 1546831318000,
    "meta": 1550580297964,
    "relativePath": "image\\default_sprite.png"
  },
  "d29077ba-1627-4a72-9579-7b56a235340c": {
    "asset": 1546831318000,
    "meta": 1550580297973,
    "relativePath": "image\\default_toggle_normal.png"
  },
  "c25b9d50-c8fc-4d27-beeb-6e7c1f2e5c0f": {
    "asset": 1546831318000,
    "meta": 1550580297975,
    "relativePath": "image\\default_toggle_disabled.png"
  },
  "2be36297-9abb-4fee-8049-9ed5e271da8a": {
    "asset": 1546831318000,
    "meta": 1550580297987,
    "relativePath": "misc\\default_video.mp4"
  },
  "b181c1e4-0a72-4a91-bfb0-ae6f36ca60bd": {
    "asset": 1546831318000,
    "meta": 1550580297990,
    "relativePath": "image\\default_toggle_pressed.png"
  },
  "b8223619-7e38-47c4-841f-9160c232495a": {
    "asset": 1546831318000,
    "meta": 1550580298091,
    "relativePath": "obsolete\\atom.plist"
  },
  "b2687ac4-099e-403c-a192-ff477686f4f5": {
    "asset": 1546831318000,
    "meta": 1550580298093,
    "relativePath": "particle\\atom.plist"
  },
  "d0a82d39-bede-46c4-b698-c81ff0dedfff": {
    "asset": 1546831318000,
    "meta": 1550580298004,
    "relativePath": "particle\\atom.png"
  },
  "8a96b965-2dc0-4e03-aa90-3b79cb93b5b4": {
    "asset": 1546831318000,
    "meta": 1550580298007,
    "relativePath": "obsolete\\atom.png"
  },
  "972b9a4d-47ee-4c74-b5c3-61d8a69bc29f": {
    "asset": 1546831318000,
    "meta": 1550580298011,
    "relativePath": "prefab\\button.prefab"
  },
  "2c937608-2562-40ea-b264-7395df6f0cea": {
    "asset": 1546831318000,
    "meta": 1550580298012,
    "relativePath": "prefab\\canvas.prefab"
  },
  "61aeb05b-3b32-452b-8eed-2b76deeed554": {
    "asset": 1546831318000,
    "meta": 1550580298016,
    "relativePath": "prefab\\editbox.prefab"
  },
  "27756ebb-3d33-44b0-9b96-e858fadd4dd4": {
    "asset": 1546831318000,
    "meta": 1550580298017,
    "relativePath": "prefab\\label.prefab"
  },
  "785a442c-3ceb-45be-a46e-7317f625f3b9": {
    "asset": 1546831318000,
    "meta": 1550580298024,
    "relativePath": "prefab\\layout.prefab"
  },
  "ca8401fe-ad6e-41a8-bd46-8e3e4e9945be": {
    "asset": 1546831318000,
    "meta": 1550580298025,
    "relativePath": "prefab\\pageview.prefab"
  },
  "cd33edea-55f5-46c2-958d-357a01384a36": {
    "asset": 1546831318000,
    "meta": 1550580298029,
    "relativePath": "prefab\\particlesystem.prefab"
  },
  "5965ffac-69da-4b55-bcde-9225d0613c28": {
    "asset": 1546831318000,
    "meta": 1550580298030,
    "relativePath": "prefab\\progressBar.prefab"
  },
  "4a37dd57-78cd-4cec-aad4-f11a73d12b63": {
    "asset": 1546831318000,
    "meta": 1550580298037,
    "relativePath": "prefab\\richtext.prefab"
  },
  "32044bd2-481f-4cf1-a656-e2b2fb1594eb": {
    "asset": 1546831318000,
    "meta": 1550580298038,
    "relativePath": "prefab\\scrollview.prefab"
  },
  "0004d1cf-a0ad-47d8-ab17-34d3db9d35a3": {
    "asset": 1546831318000,
    "meta": 1550580298044,
    "relativePath": "prefab\\slider.prefab"
  },
  "1f55e3be-b89b-4b79-88de-47fd31018044": {
    "asset": 1546831318000,
    "meta": 1550580298045,
    "relativePath": "prefab\\sprite_splash.prefab"
  },
  "96083d03-c332-4a3f-9386-d03e2d19e8ee": {
    "asset": 1546831318000,
    "meta": 1550580298048,
    "relativePath": "prefab\\sprite.prefab"
  },
  "7de03a80-4457-438d-95a7-3e7cdffd6086": {
    "asset": 1546831318000,
    "meta": 1550580298049,
    "relativePath": "prefab\\tiledmap.prefab"
  },
  "0e42ba95-1fa1-46aa-b2cf-143cd1bcee2c": {
    "asset": 1546831318000,
    "meta": 1550580298053,
    "relativePath": "prefab\\tiledtile.prefab"
  },
  "0d784963-d024-4ea6-a7db-03be0ad63010": {
    "asset": 1546831318000,
    "meta": 1550580298054,
    "relativePath": "prefab\\toggle.prefab"
  },
  "bf0a434c-84dd-4a8e-a08a-7a36f180cc75": {
    "asset": 1546831318000,
    "meta": 1550580298065,
    "relativePath": "prefab\\toggleContainer.prefab"
  },
  "d1b8be49-b0a0-435c-83b7-552bed4bbe35": {
    "asset": 1546831318000,
    "meta": 1550580298066,
    "relativePath": "prefab\\toggleGroup.prefab"
  },
  "232d2782-c4bd-4bb4-9e01-909f03d6d3b9": {
    "asset": 1546831318000,
    "meta": 1550580298070,
    "relativePath": "prefab\\videoplayer.prefab"
  },
  "8c5001fd-07ee-4a4b-a8a0-63e15195e94d": {
    "asset": 1546831318000,
    "meta": 1550580298071,
    "relativePath": "prefab\\webview.prefab"
  },
  "b40d9143-addf-4e8a-8e63-bc98db2b5bb6": {
    "asset": 1550580307282,
    "meta": 1550580307334,
    "relativePath": "games\\bjl\\res\\textures\\bg_hall2.png"
  },
  "3ea2523e-beb0-4e4d-b780-45059de61e09": {
    "asset": 1550580327523,
    "meta": 1550580327572,
    "relativePath": "games\\ddz\\res\\textures\\bg_hall2.png"
  },
  "5836f964-18cd-46fb-8792-66f380849b50": {
    "asset": 1550580346692,
    "meta": 1550580346744,
    "relativePath": "games\\lkpy\\res\\textures\\bg_hall2.png"
  },
  "b7718f3f-f5a8-45bb-a395-15505bd39afa": {
    "asset": 1550578243111,
    "meta": 1550580432050,
    "relativePath": "hall\\res\\textures\\bg_hall2.png"
  }
}