{
"skeleton": { "hash": "gUcnC7jv/3Gwlyn3THR4+COtRFM", "spine": "3.6.53", "width": 201.63, "height": 227.17 },
"bones": [
	{ "name": "root" },
	{ "name": "bone", "parent": "root", "length": 46.43, "rotation": 90, "x": -33.27, "y": 4.57 },
	{ "name": "bone2", "parent": "root", "length": 48.31, "rotation": 90, "x": 46.77, "y": 8.25 },
	{ "name": "bone3", "parent": "root", "length": 26.93, "rotation": 89.57, "x": 4.61, "y": 20.11 },
	{ "name": "bone4", "parent": "root", "length": 24.64, "rotation": 90, "x": 3.64, "y": -53.54 },
	{ "name": "bone5", "parent": "bone4", "length": 7.73, "rotation": -27.41, "x": 22.82, "y": 65.64 },
	{ "name": "bone34", "parent": "bone3", "x": 106.07, "y": -2.22 },
	{ "name": "bone6", "parent": "bone34", "length": 8.09, "rotation": 0.43, "x": -8.54, "y": 1.86 },
	{ "name": "bone33", "parent": "bone3", "x": 103.72, "y": 31.87 },
	{ "name": "bone7", "parent": "bone33", "length": 8.07, "rotation": 3.08, "x": -10.15, "y": -3.3 },
	{ "name": "bone8", "parent": "root", "length": 21.08, "rotation": 176.06, "x": -29.08, "y": 18.56 },
	{ "name": "bone9", "parent": "root", "length": 9.8, "rotation": 84.05, "x": 57.32, "y": 13.27 },
	{ "name": "bone10", "parent": "bone9", "length": 18.34, "rotation": -37.73, "x": 12.42, "y": -1.26 },
	{ "name": "bone11", "parent": "bone10", "length": 12.87, "rotation": -30.19, "x": 22.1, "y": -1.14 },
	{ "name": "bone12", "parent": "bone11", "length": 17.66, "rotation": 64.65, "x": 17.45, "y": 2.4 },
	{ "name": "bone13", "parent": "bone12", "length": 20, "rotation": 52.47, "x": 19.99, "y": 0.53 },
	{ "name": "bone14", "parent": "bone13", "length": 11.79, "rotation": -13.89, "x": 20.23, "y": 0.9 },
	{ "name": "bone15", "parent": "root", "length": 15.85, "rotation": 132.2, "x": -59.46, "y": -11.31 },
	{ "name": "bone16", "parent": "bone15", "length": 29.91, "rotation": 0.8, "x": 19.83, "y": 0.73 },
	{ "name": "bone17", "parent": "bone16", "length": 30.4, "rotation": -38.39, "x": 35.48, "y": -4.6 },
	{ "name": "bone18", "parent": "bone17", "length": 14.53, "rotation": -51.62, "x": 36.5, "y": -3.19 },
	{ "name": "bone19", "parent": "bone18", "length": 16.75, "rotation": 13.34, "x": 15.25, "y": 0.8 },
	{ "name": "bone20", "parent": "bone3", "length": 9.74, "rotation": -24.31, "x": 92.87, "y": -31.83 },
	{ "name": "bone21", "parent": "bone3", "length": 9.38, "rotation": 75.48, "x": 75.41, "y": 56.34 },
	{ "name": "bone22", "parent": "bone3", "length": 6.15, "rotation": -88.24, "x": 128.65, "y": 2.64 },
	{ "name": "bone23", "parent": "bone3", "length": 12.67, "rotation": 121.55, "x": 131.77, "y": 31.96 },
	{ "name": "bone24", "parent": "bone5", "length": 17.87, "rotation": -146.13, "x": 9.27, "y": -1.75 },
	{ "name": "bone25", "parent": "bone5", "length": 14.21, "rotation": -78.46, "x": 11.76, "y": -4.08 },
	{ "name": "bone26", "parent": "bone5", "length": 13.48, "rotation": -4.39, "x": 13.2, "y": -1.9 },
	{ "name": "bone27", "parent": "bone5", "length": 13.65, "rotation": 74.4, "x": 11.95, "y": 1.82 },
	{ "name": "bone28", "parent": "bone5", "length": 15.52, "rotation": 149.18, "x": 10.06, "y": 1.68 },
	{ "name": "bone29", "parent": "bone20", "length": 10.25, "rotation": -1.6, "x": 10.69, "y": 0.26 },
	{ "name": "bone30", "parent": "bone21", "length": 6.82, "rotation": 9.35, "x": 9.99, "y": 0.35 },
	{ "name": "bone31", "parent": "bone14", "length": 42.67, "rotation": 8.89, "x": 13.07, "y": 0.33 },
	{ "name": "bone32", "parent": "bone19", "length": 34.44, "rotation": -2.85, "x": 19.64, "y": -0.46 },
	{ "name": "bone35", "parent": "bone3", "length": 25.77, "rotation": -160.77, "x": 110.35, "y": 15.58 },
	{ "name": "bone36", "parent": "bone3", "length": 57.21, "rotation": 7.73, "x": 3.26, "y": -7.72 },
	{ "name": "bone37", "parent": "bone3", "length": 39.46, "rotation": -66.6, "x": 33.87, "y": 62.75 },
	{ "name": "bone38", "parent": "bone3", "length": 39.05, "rotation": 81.51, "x": 51.36, "y": -54.06 },
	{ "name": "bone39", "parent": "bone3", "x": 86.4, "y": 9 },
	{ "name": "bone40", "parent": "bone3", "x": 57.33, "y": -1.19 }
],
"slots": [
	{ "name": "chuan1", "bone": "bone", "attachment": "chuan1" },
	{ "name": "chuan2", "bone": "bone2", "attachment": "chuan2" },
	{ "name": "sz2", "bone": "bone9", "attachment": "sz2" },
	{ "name": "right", "bone": "bone14", "attachment": "right" },
	{ "name": "sz1", "bone": "bone15", "attachment": "sz1" },
	{ "name": "left", "bone": "bone19", "attachment": "left" },
	{ "name": "ear", "bone": "bone21", "attachment": "ear" },
	{ "name": "ear2", "bone": "bone20", "attachment": "ear2" },
	{ "name": "body", "bone": "bone3", "attachment": "body" },
	{ "name": "wz", "bone": "bone4", "attachment": "wz" },
	{ "name": "xx", "bone": "bone5", "attachment": "xx" },
	{ "name": "eye2", "bone": "bone6", "attachment": "eye2" },
	{ "name": "eye1", "bone": "bone7", "attachment": "eye1" },
	{ "name": "fj", "bone": "bone8", "attachment": "fj" },
	{ "name": "meimao2", "bone": "bone22", "attachment": "meimao2" },
	{ "name": "meimai1", "bone": "bone23", "attachment": "meimai1" }
],
"skins": {
	"default": {
		"body": {
			"body": {
				"type": "mesh",
				"uvs": [ 0.12625, 0.19858, 0.12476, 0.08838, 0.20683, 0.02374, 0.29636, 0.01198, 0.31303, 0.02082, 0.41275, 0.07369, 0.50676, 0.00758, 0.61867, 0.01198, 0.67239, 0.06341, 0.68732, 0.11189, 0.7858, 0.15597, 0.88727, 0.2691, 0.94248, 0.37048, 1, 0.4028, 1, 0.47332, 0.96635, 0.50564, 0.96337, 0.63934, 0.88727, 0.77892, 0.90667, 0.84798, 0.82609, 0.85973, 0.64852, 0.94935, 0.53362, 0.96845, 0.49035, 1, 0.42917, 1, 0.39783, 0.9758, 0.23667, 0.94348, 0.174, 0.89646, 0.09641, 0.91556, 0.04567, 0.87442, 0.08447, 0.81271, 0, 0.71428, 0, 0.37929, 0.04418, 0.2695, 0.14711, 0.20424, 0.19716, 0.26151, 0.2608, 0.2796, 0.35974, 0.24369, 0.39397, 0.17896, 0.37932, 0.07942, 0.23413, 0.03751, 0.16801, 0.08392, 0.1416, 0.13394, 0.42446, 0.14356, 0.45571, 0.20683, 0.5285, 0.25415, 0.63142, 0.21919, 0.66658, 0.14664, 0.63918, 0.06673, 0.55854, 0.03119, 0.48128, 0.04837, 0.44484, 0.08479, 0.36467, 0.43778, 0.40537, 0.3538, 0.49243, 0.32488, 0.56968, 0.36501, 0.32402, 0.40934, 0.35182, 0.31464, 0.44362, 0.2536, 0.54138, 0.27145, 0.57289, 0.31564, 0.39106, 0.45915, 0.45192, 0.4797, 0.53877, 0.46613, 0.5662, 0.40615, 0.42111, 0.52597, 0.40688, 0.48973, 0.50169, 0.55041, 0.59088, 0.52066, 0.6215, 0.45016, 0.59801, 0.38249, 0.58478, 0.36805, 0.08698, 0.50162, 0.19141, 0.67812, 0.34593, 0.7502, 0.54412, 0.73459, 0.79763, 0.61579, 0.82366, 0.43703, 0.78328, 0.27675 ],
				"triangles": [ 38, 5, 42, 37, 42, 43, 45, 44, 43, 42, 50, 43, 42, 5, 50, 49, 5, 6, 10, 46, 9, 48, 45, 43, 48, 43, 49, 46, 45, 48, 46, 48, 47, 47, 48, 7, 9, 47, 8, 9, 46, 47, 49, 6, 48, 47, 7, 8, 48, 6, 7, 45, 46, 77, 43, 50, 49, 50, 5, 49, 59, 69, 70, 65, 60, 61, 72, 65, 64, 73, 64, 66, 66, 62, 67, 67, 62, 68, 62, 63, 68, 74, 66, 67, 66, 61, 62, 64, 61, 66, 64, 65, 61, 65, 51, 60, 61, 60, 52, 53, 62, 61, 62, 53, 63, 67, 68, 75, 63, 69, 68, 63, 54, 70, 63, 70, 69, 63, 53, 54, 68, 69, 76, 54, 59, 70, 45, 69, 59, 61, 52, 53, 52, 57, 53, 53, 57, 44, 53, 44, 58, 58, 44, 45, 54, 53, 59, 59, 58, 45, 51, 55, 52, 55, 56, 52, 52, 56, 57, 53, 58, 59, 56, 36, 57, 57, 43, 44, 60, 51, 52, 55, 35, 56, 72, 55, 51, 40, 2, 39, 39, 2, 3, 40, 1, 2, 0, 41, 33, 33, 32, 0, 33, 40, 34, 34, 32, 33, 35, 34, 40, 56, 35, 36, 38, 39, 4, 37, 39, 38, 36, 37, 57, 39, 37, 35, 35, 55, 34, 36, 35, 37, 57, 37, 43, 37, 38, 42, 38, 4, 5, 4, 39, 3, 33, 41, 40, 0, 1, 41, 41, 1, 40, 35, 40, 39, 77, 46, 10, 17, 75, 16, 16, 75, 15, 75, 76, 15, 75, 68, 76, 14, 15, 12, 15, 76, 12, 12, 13, 14, 69, 77, 76, 76, 11, 12, 76, 77, 11, 45, 77, 69, 77, 10, 11, 31, 32, 34, 29, 30, 72, 30, 71, 72, 30, 31, 71, 65, 72, 51, 34, 55, 71, 71, 55, 72, 71, 31, 34, 74, 67, 75, 19, 75, 17, 26, 72, 73, 24, 25, 73, 21, 22, 24, 21, 74, 20, 20, 74, 19, 74, 75, 19, 19, 17, 18, 73, 66, 74, 74, 21, 24, 22, 23, 24, 74, 24, 73, 25, 26, 73, 73, 72, 64, 26, 27, 29, 27, 28, 29, 26, 29, 72 ],
				"vertices": [ 1, 9, 5.27, 21.37, 1, 1, 9, 19.58, 20.79, 1, 1, 9, 27.41, 9.85, 1, 1, 9, 28.32, -1.68, 1, 1, 9, 27.06, -3.74, 1, 2, 8, 10.2, -18.35, 0.48, 6, 7.85, 15.74, 0.52, 1, 6, 16.44, 3.7, 1, 1, 6, 15.87, -10.62, 1, 1, 6, 9.19, -17.5, 1, 1, 6, 2.88, -19.41, 1, 1, 38, 27.27, -48.36, 1, 1, 38, 12.25, -35.73, 1, 1, 38, 3.32, -23.74, 1, 1, 38, -4.58, -20.67, 1, 1, 38, -5.94, -11.6, 1, 1, 38, -2.3, -6.81, 1, 1, 38, -4.49, 10.44, 1, 1, 36, 13.49, -41.7, 1, 1, 36, 4.26, -42.95, 1, 1, 36, 4.13, -32.52, 1, 1, 36, -4.36, -8.43, 1, 1, 36, -4.84, 6.47, 1, 1, 36, -8.16, 12.52, 1, 1, 36, -7.11, 20.27, 1, 1, 36, -3.45, 23.83, 1, 1, 36, 3.49, 43.7, 1, 1, 36, 10.63, 50.83, 1, 1, 36, 9.5, 61, 1, 1, 36, 15.67, 66.72, 1, 1, 36, 22.96, 60.72, 1, 1, 37, -4.58, -1.54, 1, 1, 37, 12.71, 38.43, 1, 1, 37, 23.57, 49.28, 1, 1, 9, 4.39, 18.74, 1, 1, 9, -3.39, 12.75, 1, 1, 9, -6.17, 4.74, 1, 1, 9, -2.19, -8.16, 1, 1, 9, 5.98, -12.99, 1, 1, 9, 19, -11.81, 1, 1, 9, 25.44, 6.46, 1, 1, 9, 19.87, 15.23, 1, 1, 9, 13.55, 18.96, 1, 1, 6, -1.23, 14.24, 1, 1, 6, -9.46, 10.24, 1, 1, 39, 4.06, -10.3, 1, 1, 6, -11.07, -12.25, 1, 1, 6, -1.63, -16.75, 1, 1, 6, 8.75, -13.25, 1, 1, 6, 13.38, -2.92, 1, 1, 6, 11.14, 6.96, 1, 1, 6, 6.41, 11.63, 1, 1, 39, -19.81, 10.67, 1, 1, 39, -8.9, 5.47, 1, 1, 39, -5.14, -5.68, 1, 1, 40, 18.71, -5.38, 1, 1, 39, -16.12, 15.88, 1, 1, 39, -3.81, 12.32, 1, 1, 39, 4.13, 0.57, 1, 1, 39, 1.81, -11.94, 1, 1, 39, -3.94, -15.98, 1, 1, 40, 6.47, 17.48, 1, 1, 40, 3.8, 9.69, 1, 1, 40, 5.56, -1.43, 1, 1, 40, 13.36, -4.94, 1, 1, 40, -2.22, 13.64, 1, 1, 40, 2.5, 15.46, 1, 1, 40, -5.39, 3.32, 1, 1, 40, -1.53, -8.1, 1, 1, 40, 7.64, -12.02, 1, 1, 40, 16.44, -9.01, 1, 1, 40, 18.31, -7.31, 1, 1, 37, 16.61, 19.41, 1, 1, 37, 19.77, -6.95, 1, 1, 36, 26.51, 26.46, 1, 1, 36, 25.11, 1.05, 1, 1, 38, 16.95, 10.54, 1, 1, 38, 17.08, -12.94, 1, 1, 38, 25.27, -32.78, 1 ],
				"hull": 33
			}
		},
		"chuan1": {
			"chuan1": { "rotation": -90, "width": 88, "height": 84 }
		},
		"chuan2": {
			"chuan2": { "rotation": -90, "width": 105, "height": 99 }
		},
		"ear": {
			"ear": {
				"type": "mesh",
				"uvs": [ 0.00745, 0.0095, 0, 0.66093, 0.35974, 1, 0.60515, 1, 1, 0.13979, 1, 0, 0.02724, 0, 0.89555, 0.12267, 0.6592, 0.36923, 0.46894, 0.65691, 0.39823, 0.8841, 0.36152, 0.33653, 0.20416, 0.14925 ],
				"triangles": [ 5, 12, 6, 9, 1, 11, 1, 12, 11, 1, 0, 12, 0, 6, 12, 11, 12, 7, 2, 10, 3, 4, 8, 7, 4, 3, 8, 3, 9, 8, 9, 11, 8, 8, 11, 7, 7, 12, 5, 7, 5, 4, 10, 9, 3, 10, 1, 9, 2, 1, 10 ],
				"vertices": [ 2, 23, 21.39, -8.93, 0.008, 32, 9.74, -11.01, 0.992, 1, 32, 7.8, 11.71, 1, 1, 23, 4.42, 22.46, 1, 1, 23, -1.27, 20.96, 1, 1, 23, -2.81, -10.56, 1, 1, 23, -1.57, -15.29, 1, 1, 32, 9.3, -11.39, 1, 1, 23, -0.23, -10.51, 1, 1, 23, 3.07, -0.72, 1, 1, 23, 4.93, 10.18, 1, 1, 23, 4.56, 18.3, 1, 1, 32, 0.22, -0.4, 1, 1, 32, 4.59, -6.58, 1 ],
				"hull": 7
			}
		},
		"ear2": {
			"ear2": {
				"type": "mesh",
				"uvs": [ 0.41725, 0.01137, 0, 0.24177, 0, 0.53937, 0.86058, 1, 1, 1, 1, 0.15377, 0.79758, 0, 0.42892, 0, 0.02284, 0.3158, 0.39292, 0.51684, 0.70545, 0.68605, 0.9164, 0.86929, 0.56028, 0.32728, 0.75544, 0.14018 ],
				"triangles": [ 5, 10, 13, 10, 12, 13, 8, 0, 12, 0, 7, 12, 12, 7, 13, 8, 1, 0, 13, 6, 5, 13, 7, 6, 3, 11, 4, 2, 9, 3, 9, 10, 3, 3, 10, 11, 11, 10, 5, 4, 11, 5, 9, 12, 10, 2, 8, 9, 2, 1, 8, 9, 8, 12 ],
				"vertices": [ 1, 31, 8.78, 10.9, 1, 1, 31, -3.32, 15.25, 1, 1, 22, -1.24, 10.43, 1, 1, 22, -4.98, -15.5, 1, 1, 22, -3.32, -18.41, 1, 1, 31, 11.8, -3.64, 1, 1, 31, 13.87, 3.31, 1, 1, 31, 9.26, 10.87, 1, 1, 22, 5.82, 13.84, 1, 1, 22, 4.12, 2.64, 1, 1, 22, 2.71, -6.82, 1, 1, 22, -0.35, -14.4, 1, 1, 31, 1.12, 2.21, 1, 1, 31, 9.15, 1.62, 1 ],
				"hull": 8
			}
		},
		"eye1": {
			"eye1": { "x": 6.74, "y": -0.7, "rotation": -90, "width": 16, "height": 16 }
		},
		"eye2": {
			"eye2": { "x": 5.77, "y": -0.12, "rotation": -90, "width": 15, "height": 15 }
		},
		"fj": {
			"fj": { "x": 20.73, "y": -1.77, "scaleX": -1, "scaleY": -1, "rotation": -42.3, "width": 41, "height": 36 }
		},
		"left": {
			"left": { "x": 36.37, "y": -8.46, "rotation": -90, "width": 54, "height": 81 }
		},
		"meimai1": {
			"meimai1": { "x": 7.09, "y": 3.88, "scaleX": -1, "scaleY": -1, "rotation": -45.63, "width": 19, "height": 21 }
		},
		"meimao2": {
			"meimao2": { "x": 7.35, "y": -1.86, "width": 16, "height": 10 }
		},
		"right": {
			"right": { "x": 35.22, "y": 9.86, "rotation": -90, "width": 54, "height": 81 }
		},
		"sz1": {
			"sz1": {
				"type": "mesh",
				"uvs": [ 0.14795, 0.12577, 0, 0.24547, 0, 0.4961, 0.06715, 0.61019, 0.19087, 0.80097, 0.77919, 1, 1, 1, 1, 0.95434, 0.48882, 0.78788, 0.29187, 0.68501, 0.56962, 0.6476, 0.66304, 0.48301, 0.55952, 0.33899, 0.30955, 0.33525, 0.1429, 0.46804, 0.18077, 0.32964, 0.30955, 0.23051, 0.21612, 0.09584, 0.16547, 0.53329, 0.21309, 0.56892, 0.19873, 0.63699, 0.1201, 0.61124, 0.70586, 0.90727, 0.71181, 0.9344, 0.04514, 0.29225, 0.12877, 0.30552 ],
				"triangles": [ 5, 7, 6, 4, 23, 5, 8, 22, 23, 7, 5, 22, 22, 5, 23, 22, 8, 7, 23, 4, 8, 4, 9, 8, 3, 21, 4, 4, 20, 9, 4, 21, 20, 10, 13, 12, 13, 10, 19, 20, 19, 9, 10, 9, 19, 10, 12, 11, 20, 21, 19, 21, 18, 19, 21, 3, 18, 3, 14, 18, 3, 2, 14, 13, 19, 14, 19, 18, 14, 14, 2, 24, 14, 24, 25, 2, 1, 24, 14, 25, 15, 25, 0, 15, 15, 0, 16, 0, 17, 16, 25, 24, 0, 24, 1, 0 ],
				"vertices": [ 1, 20, 31.22, 6.44, 1, 1, 20, 14.62, 12.07, 1, 1, 19, 31.11, 5.49, 1, 1, 19, 17.71, 6.51, 1, 1, 18, 36.05, 4.38, 1, 1, 17, 4.08, 5.64, 1, 1, 17, -11.99, -1.7, 1, 1, 17, -9.95, -6.18, 1, 2, 19, -15.03, -14.34, 4.5E-4, 18, 14.8, -6.5, 0.99955, 1, 19, 2.16, -5.61, 1, 1, 19, -4.66, -27.14, 1, 1, 19, 7.56, -42.06, 1, 1, 19, 25.18, -42.01, 1, 1, 19, 34.89, -24.52, 1, 1, 19, 28.44, -6.03, 1, 1, 20, 12.13, -4.83, 1, 1, 20, 26.07, -9.95, 1, 1, 20, 36.38, 2.75, 1, 1, 19, 21.37, -4.33, 1, 1, 19, 16.19, -5.9, 1, 1, 19, 10.23, -1.44, 1, 1, 19, 15.63, 2.81, 1, 1, 17, 13.57, -1.04, 1, 2, 18, -7.9, 0.81, 0.00388, 17, 11.92, 1.43, 0.99612, 1, 20, 11.45, 6.73, 1, 1, 20, 12.83, 0.03, 1 ],
				"hull": 18
			}
		},
		"sz2": {
			"sz2": {
				"type": "mesh",
				"uvs": [ 0.57154, 0, 0.44293, 0.05875, 0.75643, 0.25282, 0.78456, 0.43197, 0.41078, 0.55438, 0.09728, 0.71262, 0, 1, 0.24599, 1, 0.29422, 1, 0.43891, 0.77831, 0.84887, 0.64694, 1, 0.55438, 1, 0.15131, 0.87299, 0, 0.5836, 0, 0.57556, 0, 0.20668, 0.90827, 0.11469, 0.86701, 0.66494, 0.09798, 0.80741, 0.04643 ],
				"triangles": [ 12, 2, 19, 12, 3, 2, 2, 1, 18, 18, 1, 0, 18, 0, 15, 15, 14, 18, 19, 13, 12, 2, 18, 19, 18, 14, 19, 19, 14, 13, 10, 3, 11, 3, 12, 11, 9, 16, 5, 5, 4, 9, 9, 4, 10, 4, 3, 10, 9, 8, 16, 7, 6, 16, 6, 17, 16, 8, 7, 16, 6, 5, 17, 16, 17, 5 ],
				"vertices": [ 1, 15, 25.58, 4.12, 1, 1, 15, 26.55, 11.91, 1, 1, 15, 5.75, 7.68, 1, 1, 14, 5.58, 5.36, 1, 1, 12, 19.75, 6.29, 1, 1, 12, 0.21, 8.88, 1, 1, 11, -2.68, 6.94, 1, 1, 11, -0.34, -5.64, 1, 1, 11, 0.12, -8.1, 1, 1, 12, 10.4, -6.38, 1, 1, 13, 15.25, -5.68, 1, 2, 13, 24.25, -0.91, 0.00816, 14, -0.08, -7.56, 0.99184, 1, 15, 3.38, -6.65, 1, 1, 15, 15.78, -8.12, 1, 1, 15, 25.19, 3.63, 1, 1, 15, 25.45, 3.96, 1, 1, 11, 5.6, -2.46, 1, 1, 11, 7.57, 2.77, 1, 1, 15, 17.19, 4.61, 1, 1, 15, 15.37, -3.42, 1 ],
				"hull": 16
			}
		},
		"wz": {
			"wz": { "x": 32.55, "rotation": -90, "width": 183, "height": 97 }
		},
		"xx": {
			"xx": {
				"type": "mesh",
				"uvs": [ 0, 0.1277, 0.33549, 0.13506, 0.51454, 0, 0.69932, 0, 0.78957, 0.2602, 1, 0.41478, 1, 0.63119, 0.78957, 0.75044, 0.72941, 1, 0.48969, 1, 0.33785, 0.88201, 0, 0.88054, 0, 0.6288, 0.06426, 0.51544, 0, 0.42563, 0, 0.1253, 0.4547, 0.47388, 0.3846, 0.20636, 0.6957, 0.32063, 0.70073, 0.68039, 0.36015, 0.79452, 0.13584, 0.50664 ],
				"triangles": [ 10, 20, 9, 9, 20, 19, 10, 11, 20, 20, 11, 21, 20, 16, 19, 20, 21, 16, 21, 12, 13, 13, 14, 21, 16, 21, 17, 21, 14, 1, 17, 21, 1, 16, 17, 18, 17, 2, 18, 17, 1, 2, 7, 8, 19, 7, 19, 6, 18, 3, 4, 16, 18, 19, 5, 19, 18, 18, 4, 5, 21, 11, 12, 14, 0, 1, 18, 2, 3, 6, 19, 5, 8, 9, 19 ],
				"vertices": [ 2, 26, -19.5, -11.33, 0.008, 29, 18.02, -2.45, 0.992, 1, 5, 21.83, 6.4, 1, 1, 28, 14.65, 4.15, 1, 1, 28, 16.77, -2.35, 1, 1, 5, 21.43, -10.99, 1, 1, 27, 16.69, 2.82, 1, 1, 27, 16.99, -4.97, 1, 1, 5, 4.28, -15.17, 1, 1, 26, 19.29, 3.17, 1, 1, 26, 16.23, -5.15, 1, 1, 5, -4.28, -0.05, 1, 1, 30, 20.15, -0.12, 1, 1, 30, 13.69, -6.48, 1, 1, 5, 6.15, 12.91, 1, 1, 29, 12.77, 6.91, 1, 1, 29, 18.06, -2.52, 1, 1, 26, -2, 0.16, 1, 1, 5, 19.76, 4.02, 1, 1, 5, 18.49, -8.13, 1, 1, 5, 5.95, -11.38, 1, 1, 5, -1.02, -0.11, 1, 1, 5, 7.08, 10.41, 1 ],
				"hull": 16
			}
		}
	}
},
"animations": {
	"run": {
		"bones": {
			"bone20": {
				"rotate": [
					{ "time": 0, "angle": 0 },
					{ "time": 0.5, "angle": -13.2 },
					{ "time": 1, "angle": 0 },
					{ "time": 1.5, "angle": -13.2 },
					{ "time": 2, "angle": 0 }
				]
			},
			"bone29": {
				"rotate": [
					{ "time": 0, "angle": 0 },
					{ "time": 0.5, "angle": -38.4 },
					{ "time": 1, "angle": 0 },
					{ "time": 1.5, "angle": -38.4 },
					{ "time": 2, "angle": 0 }
				]
			},
			"bone21": {
				"rotate": [
					{ "time": 0, "angle": 0 },
					{ "time": 0.5, "angle": 16.8 },
					{ "time": 1, "angle": 0 },
					{ "time": 1.5, "angle": 16.8 },
					{ "time": 2, "angle": 0 }
				],
				"shear": [
					{ "time": 0, "x": 0, "y": 0 },
					{ "time": 0.5, "x": 7.2, "y": -8.4 },
					{ "time": 1, "x": 0, "y": 0 },
					{ "time": 1.5, "x": 7.2, "y": -8.4 },
					{ "time": 2, "x": 0, "y": 0 }
				]
			},
			"bone30": {
				"rotate": [
					{ "time": 0, "angle": 0 },
					{ "time": 0.5, "angle": 10.8 },
					{ "time": 1, "angle": 0 },
					{ "time": 1.5, "angle": 10.8 },
					{ "time": 2, "angle": 0 }
				]
			},
			"bone39": {
				"translate": [
					{ "time": 0, "x": 0, "y": 0 },
					{ "time": 0.5, "x": 4, "y": 0 },
					{ "time": 1, "x": 0, "y": 0 },
					{ "time": 1.5, "x": 4, "y": 0 },
					{ "time": 2, "x": 0, "y": 0 }
				]
			},
			"bone40": {
				"translate": [
					{ "time": 0, "x": 0, "y": 0 },
					{ "time": 0.5, "x": 6, "y": 0 },
					{ "time": 1, "x": 0, "y": 0 },
					{ "time": 1.5, "x": 6, "y": 0 },
					{ "time": 2, "x": 0, "y": 0 }
				]
			},
			"bone33": {
				"rotate": [
					{ "time": 0, "angle": 0 },
					{ "time": 0.5, "angle": 4.8 },
					{ "time": 1, "angle": 0 },
					{ "time": 1.5, "angle": 4.8 },
					{ "time": 2, "angle": 0 }
				],
				"translate": [
					{ "time": 0, "x": 0, "y": 0 },
					{ "time": 0.5, "x": 1.98, "y": 0 },
					{ "time": 1, "x": 0, "y": 0 },
					{ "time": 1.5, "x": 1.98, "y": 0 },
					{ "time": 2, "x": 0, "y": 0 }
				]
			},
			"bone34": {
				"rotate": [
					{ "time": 0, "angle": 0 },
					{ "time": 0.5, "angle": -7.2 },
					{ "time": 1, "angle": 0 },
					{ "time": 1.5, "angle": -7.2 },
					{ "time": 2, "angle": 0 }
				],
				"translate": [
					{ "time": 0, "x": 0, "y": 0 },
					{ "time": 0.5, "x": 2.03, "y": 0 },
					{ "time": 1, "x": 0, "y": 0 },
					{ "time": 1.5, "x": 2.03, "y": 0 },
					{ "time": 2, "x": 0, "y": 0 }
				],
				"scale": [
					{ "time": 0, "x": 1, "y": 1 },
					{ "time": 0.5, "x": 1.1, "y": 1.1 },
					{ "time": 1, "x": 1, "y": 1 },
					{ "time": 1.5, "x": 1.1, "y": 1.1 },
					{ "time": 2, "x": 1, "y": 1 }
				]
			},
			"bone3": {
				"translate": [
					{ "time": 0, "x": 0, "y": 0 },
					{ "time": 0.5, "x": 2, "y": 16 },
					{ "time": 1, "x": 0, "y": 0 },
					{ "time": 1.5, "x": 2, "y": 16 },
					{ "time": 2, "x": 0, "y": 0 }
				]
			},
			"bone37": {
				"translate": [
					{ "time": 0, "x": 0, "y": 0 },
					{ "time": 0.5, "x": 2, "y": 2 },
					{ "time": 1, "x": 0, "y": 0 },
					{ "time": 1.5, "x": 2, "y": 2 },
					{ "time": 2, "x": 0, "y": 0 }
				],
				"shear": [
					{ "time": 0, "x": 0, "y": 0 },
					{ "time": 0.5, "x": -4.8, "y": 1.2 },
					{ "time": 1, "x": 0, "y": 0, "curve": "stepped" },
					{ "time": 2, "x": 0, "y": 0 }
				]
			},
			"bone38": {
				"translate": [
					{ "time": 0, "x": 0, "y": 0 },
					{ "time": 0.5, "x": 0, "y": 0 },
					{ "time": 1, "x": 0, "y": 0 },
					{ "time": 1.5, "x": 0, "y": 0 },
					{ "time": 2, "x": 0, "y": 0 }
				],
				"shear": [
					{ "time": 0, "x": 0, "y": 0 },
					{ "time": 0.5, "x": 3.6, "y": -2.4 },
					{ "time": 1, "x": 0, "y": 0, "curve": "stepped" },
					{ "time": 2, "x": 0, "y": 0 }
				]
			},
			"bone36": {
				"translate": [
					{ "time": 0, "x": 0, "y": 0, "curve": "stepped" },
					{ "time": 0.5, "x": 0, "y": 0, "curve": "stepped" },
					{ "time": 1, "x": 0, "y": 0, "curve": "stepped" },
					{ "time": 1.5, "x": 0, "y": 0, "curve": "stepped" },
					{ "time": 2, "x": 0, "y": 0 }
				]
			},
			"bone23": {
				"rotate": [
					{ "time": 0, "angle": 0 },
					{ "time": 0.5, "angle": -10.8 },
					{ "time": 1, "angle": 0 },
					{ "time": 1.5, "angle": -10.8 },
					{ "time": 2, "angle": 0 }
				],
				"translate": [
					{ "time": 0, "x": 0, "y": 0 },
					{ "time": 0.5, "x": 2.03, "y": 0 },
					{ "time": 1, "x": 0, "y": 0 },
					{ "time": 1.5, "x": 2.03, "y": 0 },
					{ "time": 2, "x": 0, "y": 0 }
				]
			},
			"bone22": {
				"rotate": [
					{ "time": 0, "angle": 0 },
					{ "time": 0.5, "angle": 18 },
					{ "time": 1, "angle": 0 },
					{ "time": 1.5, "angle": 18 },
					{ "time": 2, "angle": 0 }
				],
				"translate": [
					{ "time": 0, "x": 0, "y": 0 },
					{ "time": 0.5, "x": 1.95, "y": 0 },
					{ "time": 1, "x": 0, "y": 0 },
					{ "time": 1.5, "x": 1.95, "y": 0 },
					{ "time": 2, "x": 0, "y": 0 }
				]
			},
			"bone9": {
				"rotate": [
					{ "time": 0, "angle": 0 },
					{ "time": 0.5, "angle": 9.6 },
					{ "time": 1, "angle": 0 },
					{ "time": 1.5, "angle": 9.6 },
					{ "time": 2, "angle": 0 }
				]
			},
			"bone15": {
				"rotate": [
					{ "time": 0, "angle": 0 },
					{ "time": 0.5, "angle": -8.4 },
					{ "time": 1, "angle": 0 },
					{ "time": 1.5, "angle": -8.4 },
					{ "time": 2, "angle": 0 }
				]
			},
			"bone8": {
				"rotate": [
					{ "time": 0, "angle": 0 },
					{ "time": 0.5, "angle": -7.99 },
					{ "time": 1, "angle": 0 },
					{ "time": 1.5, "angle": -7.99 },
					{ "time": 2, "angle": 0 }
				],
				"translate": [
					{ "time": 0, "x": 0, "y": 0 },
					{ "time": 0.5, "x": -15.07, "y": 6.75 },
					{ "time": 1, "x": 0, "y": 0 },
					{ "time": 1.5, "x": -15.07, "y": 6.75 },
					{ "time": 2, "x": 0, "y": 0 }
				]
			},
			"bone25": {
				"rotate": [
					{ "time": 0, "angle": 0 },
					{ "time": 1, "angle": 12 },
					{ "time": 2, "angle": 0 }
				]
			},
			"bone27": {
				"rotate": [
					{ "time": 0, "angle": 0 },
					{ "time": 1, "angle": -15.6 },
					{ "time": 2, "angle": 0 }
				]
			},
			"bone24": {
				"rotate": [
					{ "time": 0, "angle": 0 },
					{ "time": 1, "angle": 8.4 },
					{ "time": 2, "angle": 0 }
				]
			},
			"bone28": {
				"rotate": [
					{ "time": 0, "angle": 0 },
					{ "time": 1, "angle": -12 },
					{ "time": 2, "angle": 0 }
				]
			},
			"bone26": {
				"rotate": [
					{ "time": 0, "angle": 0 },
					{ "time": 1, "angle": -13.2 },
					{ "time": 2, "angle": 0 }
				]
			},
			"bone14": {
				"rotate": [
					{ "time": 0, "angle": 0, "curve": "stepped" },
					{ "time": 1, "angle": 0, "curve": "stepped" },
					{ "time": 2, "angle": 0 }
				]
			},
			"bone11": {
				"rotate": [
					{ "time": 0, "angle": 0, "curve": "stepped" },
					{ "time": 1, "angle": 0, "curve": "stepped" },
					{ "time": 2, "angle": 0 }
				]
			},
			"bone12": {
				"rotate": [
					{ "time": 0, "angle": 0, "curve": "stepped" },
					{ "time": 1, "angle": 0, "curve": "stepped" },
					{ "time": 2, "angle": 0 }
				]
			},
			"bone13": {
				"rotate": [
					{ "time": 0, "angle": 0 },
					{ "time": 0.5, "angle": -6 },
					{ "time": 1, "angle": 0 },
					{ "time": 1.5, "angle": -6 },
					{ "time": 2, "angle": 0 }
				]
			},
			"bone7": {
				"scale": [
					{ "time": 0, "x": 1, "y": 1 },
					{ "time": 0.5, "x": 1.1, "y": 1.1 },
					{ "time": 1, "x": 1, "y": 1 },
					{ "time": 1.5, "x": 1.1, "y": 1.1 },
					{ "time": 2, "x": 1, "y": 1 }
				]
			},
			"bone6": {
				"scale": [
					{ "time": 0, "x": 1, "y": 1 },
					{ "time": 0.5, "x": 1.1, "y": 1.1 },
					{ "time": 1, "x": 1, "y": 1 },
					{ "time": 1.5, "x": 1.1, "y": 1.1 },
					{ "time": 2, "x": 1, "y": 1 }
				]
			},
			"bone5": {
				"translate": [
					{ "time": 0, "x": 0, "y": 0 },
					{ "time": 1, "x": -4, "y": 2 },
					{ "time": 2, "x": 0, "y": 0 }
				]
			},
			"bone2": {
				"rotate": [
					{ "time": 0, "angle": 0 },
					{ "time": 1, "angle": 8.4 },
					{ "time": 2, "angle": 0 }
				],
				"translate": [
					{ "time": 0, "x": 0, "y": 0 },
					{ "time": 1, "x": 0, "y": -8 },
					{ "time": 2, "x": 0, "y": 0 }
				]
			},
			"bone": {
				"rotate": [
					{ "time": 0, "angle": 0 },
					{ "time": 1, "angle": -15.6 },
					{ "time": 2, "angle": 0 }
				],
				"translate": [
					{ "time": 0, "x": 0, "y": 0 },
					{ "time": 1, "x": -6, "y": 4 },
					{ "time": 2, "x": 0, "y": 0 }
				]
			}
		}
	}
}
}