{
  "__type__": "sp.SkeletonData",
  "_name": "bjldh",
  "_objFlags": 0,
  "_native": "raw-skeleton.json",
  "_skeletonJson": {
    "skeleton": {
      "hash": "ODvhupm1XCXsIsFrvMkFKyk5yVI",
      "spine": "3.6.53",
      "width": 266,
      "height": 221.69
    },
    "bones": [
      {
        "name": "root"
      },
      {
        "name": "bone",
        "parent": "root",
        "length": 70.5,
        "rotation": 90
      },
      {
        "name": "bone2",
        "parent": "root",
        "length": 44.26,
        "rotation": 90,
        "y": -41.94
      },
      {
        "name": "bone3",
        "parent": "root",
        "length": 31.06,
        "rotation": 90,
        "y": -34.44
      },
      {
        "name": "bone4",
        "parent": "root",
        "length": 19.36,
        "rotation": 32.77,
        "x": 68.11,
        "y": 21.51
      },
      {
        "name": "bone5",
        "parent": "root",
        "length": 17.53,
        "rotation": -45.72,
        "x": 71.95,
        "y": 110.2
      },
      {
        "name": "bone6",
        "parent": "root",
        "length": 19.08,
        "rotation": 37.71,
        "x": 33.52,
        "y": 123.08
      },
      {
        "name": "bone7",
        "parent": "root",
        "length": 22.3,
        "rotation": 45.21,
        "x": -80.75,
        "y": 106.38
      },
      {
        "name": "bone8",
        "parent": "root",
        "length": 22.82,
        "rotation": -154.08,
        "x": -64.39,
        "y": 72.25
      },
      {
        "name": "bone9",
        "parent": "root",
        "length": 15.38,
        "rotation": 100.29,
        "x": -85.97,
        "y": 18.62
      },
      {
        "name": "bone10",
        "parent": "bone2",
        "length": 79.99,
        "rotation": -27.03,
        "x": 50.14,
        "y": 12.53
      },
      {
        "name": "bone11",
        "parent": "bone",
        "length": 9.58,
        "x": 104.06,
        "y": 25.48
      }
    ],
    "slots": [
      {
        "name": "xxx",
        "bone": "bone5",
        "attachment": "xxx"
      },
      {
        "name": "fk",
        "bone": "bone9",
        "attachment": "fk"
      },
      {
        "name": "poker1",
        "bone": "bone6",
        "attachment": "poker1"
      },
      {
        "name": "ht",
        "bone": "bone7",
        "attachment": "ht"
      },
      {
        "name": "chouma",
        "bone": "bone",
        "attachment": "chouma2"
      },
      {
        "name": "cg",
        "bone": "bone11",
        "attachment": "cg",
        "blend": "screen"
      },
      {
        "name": "poker2",
        "bone": "bone8",
        "attachment": "poker2"
      },
      {
        "name": "xxx2",
        "bone": "bone4",
        "attachment": "xxx2"
      },
      {
        "name": "cm1",
        "bone": "bone2",
        "attachment": "cm1"
      },
      {
        "name": "wz1",
        "bone": "bone3",
        "attachment": "wz"
      }
    ],
    "skins": {
      "default": {
        "cg": {
          "cg": {
            "width": 96,
            "height": 55
          }
        },
        "chouma": {
          "chouma2": {
            "x": 59.98,
            "rotation": -90,
            "width": 266,
            "height": 202
          },
          "chouma3": {
            "x": 59.98,
            "rotation": -90,
            "width": 266,
            "height": 202
          },
          "chouma4": {
            "x": 59.98,
            "rotation": -90,
            "width": 266,
            "height": 202
          },
          "chouma5": {
            "x": 59.98,
            "rotation": -90,
            "width": 266,
            "height": 202
          },
          "chouma6": {
            "x": 59.98,
            "rotation": -90,
            "width": 266,
            "height": 202
          },
          "chouma7": {
            "x": 59.98,
            "rotation": -90,
            "width": 266,
            "height": 202
          },
          "chouma8": {
            "x": 59.98,
            "rotation": -90,
            "width": 266,
            "height": 202
          }
        },
        "cm1": {
          "cm1": {
            "type": "mesh",
            "uvs": [
              0,
              0.57667,
              0.07516,
              0.56015,
              0.16003,
              0.3767,
              0.25702,
              0,
              0.43889,
              0,
              0.5965,
              0.05381,
              0.76169,
              0.05381,
              0.8799,
              0.16205,
              0.90264,
              0.2868,
              1,
              0.4354,
              1,
              0.55648,
              0.95265,
              0.60235,
              1,
              0.70509,
              0.9966,
              0.87387,
              0.8602,
              1,
              0.21914,
              1,
              0,
              0.94358,
              0,
              0.58033,
              0.09618,
              0.68516,
              0.2527,
              0.6751,
              0.43553,
              0.67007,
              0.60174,
              0.64995,
              0.7264,
              0.63319,
              0.85106,
              0.6181,
              0.91339,
              0.61474,
              0.07679,
              0.65834,
              0.39398,
              0.46216,
              0.53941,
              0.23078,
              0.59897,
              0.09162
            ],
            "triangles": [
              8,
              23,
              22,
              20,
              26,
              21,
              15,
              18,
              19,
              20,
              21,
              14,
              21,
              22,
              14,
              22,
              23,
              14,
              12,
              13,
              23,
              13,
              14,
              23,
              12,
              23,
              24,
              12,
              24,
              11,
              22,
              21,
              27,
              14,
              15,
              20,
              16,
              18,
              15,
              15,
              19,
              20,
              26,
              20,
              19,
              24,
              23,
              9,
              10,
              11,
              24,
              27,
              3,
              4,
              2,
              26,
              19,
              17,
              1,
              25,
              2,
              19,
              1,
              8,
              27,
              28,
              7,
              28,
              6,
              28,
              7,
              8,
              17,
              0,
              1,
              8,
              9,
              23,
              26,
              2,
              27,
              28,
              4,
              5,
              28,
              5,
              6,
              9,
              10,
              24,
              27,
              21,
              26,
              8,
              22,
              27,
              28,
              27,
              4,
              3,
              27,
              2,
              25,
              1,
              19,
              18,
              25,
              19,
              16,
              25,
              18,
              16,
              17,
              25
            ],
            "vertices": [
              2,
              10,
              -20.67,
              65.76,
              0.99512,
              1,
              19.67,
              80.5,
              0.00488,
              1,
              10,
              -13.22,
              55.98,
              1,
              1,
              10,
              14.73,
              54.9,
              1,
              1,
              10,
              66.45,
              63.76,
              1,
              1,
              10,
              79.76,
              37.68,
              1,
              1,
              10,
              84.92,
              11.82,
              1,
              1,
              10,
              97.01,
              -11.87,
              1,
              2,
              10,
              92.83,
              -35.36,
              0.98926,
              1,
              74.82,
              -61.16,
              0.01074,
              1,
              10,
              79.72,
              -46.16,
              1,
              1,
              10,
              69.24,
              -69.11,
              1,
              1,
              10,
              54.89,
              -76.43,
              1,
              1,
              1,
              16.26,
              -72.88,
              1,
              1,
              1,
              2.59,
              -80.5,
              1,
              1,
              1,
              -19.86,
              -79.95,
              1,
              1,
              1,
              -36.63,
              -57.99,
              1,
              1,
              1,
              -36.63,
              45.22,
              1,
              1,
              1,
              -29.13,
              80.5,
              1,
              2,
              10,
              -21.11,
              65.54,
              0.9951,
              1,
              19.18,
              80.5,
              0.0049,
              1,
              10,
              -26.49,
              45.41,
              1,
              1,
              1,
              6.58,
              39.82,
              1,
              1,
              1,
              7.25,
              10.38,
              1,
              1,
              1,
              9.93,
              -16.38,
              1,
              1,
              1,
              12.16,
              -36.45,
              1,
              1,
              1,
              14.16,
              -56.52,
              1,
              1,
              1,
              14.61,
              -66.56,
              1,
              1,
              10,
              -24.73,
              49.81,
              1,
              1,
              10,
              21.72,
              16.18,
              1,
              1,
              10,
              59.77,
              9.31,
              1,
              1,
              10,
              80.62,
              9.18,
              1
            ],
            "hull": 18
          }
        },
        "fk": {
          "fk": {
            "x": 2.99,
            "y": 2.91,
            "rotation": -90.25,
            "width": 44,
            "height": 55
          }
        },
        "ht": {
          "ht": {
            "type": "mesh",
            "uvs": [
              0.18047,
              0.61461,
              0.11851,
              0.82271,
              0.34467,
              1,
              0.90232,
              1,
              1,
              0.63774,
              1,
              0,
              0.24553,
              0,
              0.21145,
              0.52213
            ],
            "triangles": [
              7,
              6,
              5,
              4,
              7,
              5,
              2,
              7,
              4,
              0,
              7,
              2,
              1,
              0,
              2,
              3,
              2,
              4
            ],
            "vertices": [
              -2.37,
              12.53,
              -10.68,
              8.81,
              -7.8,
              -4.51,
              12.12,
              -24.82,
              26.21,
              -17.98,
              44.88,
              0.33,
              17.94,
              27.8,
              1.44,
              14.05
            ],
            "hull": 8
          }
        },
        "poker1": {
          "poker1": {
            "x": 21.38,
            "y": 2.88,
            "rotation": -4.31,
            "width": 60,
            "height": 42
          }
        },
        "poker2": {
          "poker2": {
            "x": 22.3,
            "y": -10.84,
            "rotation": 153.74,
            "width": 58,
            "height": 65
          }
        },
        "wz1": {
          "wz": {
            "x": 28.23,
            "rotation": -90,
            "width": 200,
            "height": 86
          },
          "wz2": {
            "x": 28.23,
            "rotation": -90,
            "width": 200,
            "height": 86
          },
          "wz3": {
            "x": 28.23,
            "rotation": -90,
            "width": 200,
            "height": 86
          },
          "wz4": {
            "x": 28.23,
            "rotation": -90,
            "width": 200,
            "height": 86
          },
          "wz5": {
            "x": 28.23,
            "rotation": -90,
            "width": 200,
            "height": 86
          },
          "wz6": {
            "x": 28.23,
            "rotation": -90,
            "width": 200,
            "height": 86
          },
          "wz7": {
            "x": 28.23,
            "rotation": -90,
            "width": 200,
            "height": 86
          }
        },
        "xxx": {
          "xxx": {
            "rotation": 59.18,
            "width": 42,
            "height": 44
          }
        },
        "xxx2": {
          "xxx2": {
            "x": 23.01,
            "y": -2.38,
            "rotation": -49.61,
            "width": 56,
            "height": 54
          }
        }
      }
    },
    "animations": {
      "run": {
        "slots": {
          "cg": {
            "color": [
              {
                "time": 0.7667,
                "color": "ffffffd0"
              },
              {
                "time": 0.8667,
                "color": "ffffffa1"
              },
              {
                "time": 0.9667,
                "color": "ffffff76"
              },
              {
                "time": 1.0667,
                "color": "ffffff53"
              },
              {
                "time": 1.1667,
                "color": "ffffff2b"
              },
              {
                "time": 1.2667,
                "color": "ffffff00"
              }
            ]
          },
          "chouma": {
            "attachment": [
              {
                "time": 0,
                "name": "chouma2"
              },
              {
                "time": 0.1667,
                "name": "chouma3"
              },
              {
                "time": 0.3333,
                "name": "chouma4"
              },
              {
                "time": 0.5,
                "name": "chouma5"
              },
              {
                "time": 0.6667,
                "name": "chouma6"
              },
              {
                "time": 0.8333,
                "name": "chouma7"
              },
              {
                "time": 1,
                "name": "chouma8"
              },
              {
                "time": 1.1667,
                "name": "chouma2"
              }
            ]
          },
          "wz1": {
            "attachment": [
              {
                "time": 0,
                "name": "wz"
              },
              {
                "time": 0.1667,
                "name": "wz2"
              },
              {
                "time": 0.3333,
                "name": "wz3"
              },
              {
                "time": 0.5,
                "name": "wz4"
              },
              {
                "time": 0.6667,
                "name": "wz5"
              },
              {
                "time": 0.8333,
                "name": "wz6"
              },
              {
                "time": 1,
                "name": "wz7"
              },
              {
                "time": 1.1667,
                "name": "wz"
              }
            ]
          }
        },
        "bones": {
          "bone10": {
            "rotate": [
              {
                "time": 0,
                "angle": 0
              },
              {
                "time": 0.6667,
                "angle": 10.8
              },
              {
                "time": 1.3333,
                "angle": 0
              }
            ],
            "translate": [
              {
                "time": 0,
                "x": 0,
                "y": 0
              },
              {
                "time": 0.6667,
                "x": 4,
                "y": 0
              },
              {
                "time": 1.3333,
                "x": 0,
                "y": 0
              }
            ],
            "shear": [
              {
                "time": 0,
                "x": 0,
                "y": 0
              },
              {
                "time": 0.6667,
                "x": 2.4,
                "y": 3.6
              },
              {
                "time": 1.3333,
                "x": 0,
                "y": 0
              }
            ]
          },
          "bone7": {
            "rotate": [
              {
                "time": 0,
                "angle": 0
              },
              {
                "time": 0.6667,
                "angle": 7.2
              },
              {
                "time": 1.3333,
                "angle": 0
              }
            ],
            "translate": [
              {
                "time": 0,
                "x": 0,
                "y": 0
              },
              {
                "time": 0.6667,
                "x": -13.65,
                "y": 13.28
              },
              {
                "time": 1.3333,
                "x": 0,
                "y": 0
              }
            ]
          },
          "bone6": {
            "translate": [
              {
                "time": 0,
                "x": 0,
                "y": 0
              },
              {
                "time": 0.6667,
                "x": -16.59,
                "y": -10.18
              },
              {
                "time": 1.3333,
                "x": 0,
                "y": 0
              }
            ]
          },
          "bone5": {
            "rotate": [
              {
                "time": 0,
                "angle": 0
              },
              {
                "time": 0.6667,
                "angle": -19.2
              },
              {
                "time": 1.3333,
                "angle": 0
              }
            ],
            "translate": [
              {
                "time": 0,
                "x": 0,
                "y": 0
              },
              {
                "time": 0.6667,
                "x": -1.16,
                "y": -24.73
              },
              {
                "time": 1.3333,
                "x": 0,
                "y": 0
              }
            ]
          },
          "bone8": {
            "translate": [
              {
                "time": 0,
                "x": 0,
                "y": 0
              },
              {
                "time": 0.6667,
                "x": -12.22,
                "y": -8.15
              },
              {
                "time": 1.3333,
                "x": 0,
                "y": 0
              }
            ]
          },
          "bone9": {
            "translate": [
              {
                "time": 0,
                "x": 0,
                "y": 0
              },
              {
                "time": 0.6667,
                "x": 17.46,
                "y": -9.6
              },
              {
                "time": 1.3333,
                "x": 0,
                "y": 0
              }
            ]
          },
          "bone4": {
            "scale": [
              {
                "time": 0,
                "x": 1,
                "y": 1
              },
              {
                "time": 0.6667,
                "x": 1.2,
                "y": 1.2
              },
              {
                "time": 1.3333,
                "x": 1,
                "y": 1
              }
            ]
          },
          "bone": {
            "rotate": [
              {
                "time": 0,
                "angle": 0
              },
              {
                "time": 0.6667,
                "angle": 3.6
              },
              {
                "time": 1.3333,
                "angle": 0
              }
            ]
          },
          "bone11": {
            "rotate": [
              {
                "time": 0,
                "angle": 0
              },
              {
                "time": 0.6667,
                "angle": 180
              },
              {
                "time": 1.3333,
                "angle": 0
              }
            ]
          }
        }
      }
    }
  },
  "_atlasText": "\nbjldh.png\nsize: 1024,1024\nformat: RGBA8888\nfilter: Linear,Linear\nrepeat: none\ncg\n  rotate: false\n  xy: 433, 529\n  size: 96, 55\n  orig: 96, 55\n  offset: 0, 0\n  index: -1\nchouma2\n  rotate: false\n  xy: 2, 790\n  size: 266, 202\n  orig: 266, 202\n  offset: 0, 0\n  index: -1\nchouma3\n  rotate: false\n  xy: 2, 586\n  size: 266, 202\n  orig: 266, 202\n  offset: 0, 0\n  index: -1\nchouma4\n  rotate: false\n  xy: 270, 790\n  size: 266, 202\n  orig: 266, 202\n  offset: 0, 0\n  index: -1\nchouma5\n  rotate: false\n  xy: 2, 382\n  size: 266, 202\n  orig: 266, 202\n  offset: 0, 0\n  index: -1\nchouma6\n  rotate: false\n  xy: 270, 586\n  size: 266, 202\n  orig: 266, 202\n  offset: 0, 0\n  index: -1\nchouma7\n  rotate: false\n  xy: 538, 790\n  size: 266, 202\n  orig: 266, 202\n  offset: 0, 0\n  index: -1\nchouma8\n  rotate: false\n  xy: 2, 178\n  size: 266, 202\n  orig: 266, 202\n  offset: 0, 0\n  index: -1\ncm1\n  rotate: false\n  xy: 270, 451\n  size: 161, 133\n  orig: 161, 133\n  offset: 0, 0\n  index: -1\nfk\n  rotate: false\n  xy: 358, 394\n  size: 44, 55\n  orig: 44, 55\n  offset: 0, 0\n  index: -1\nht\n  rotate: false\n  xy: 433, 486\n  size: 51, 41\n  orig: 51, 41\n  offset: 0, 0\n  index: -1\npoker1\n  rotate: false\n  xy: 270, 205\n  size: 60, 42\n  orig: 60, 42\n  offset: 0, 0\n  index: -1\npoker2\n  rotate: false\n  xy: 740, 723\n  size: 58, 65\n  orig: 58, 65\n  offset: 0, 0\n  index: -1\nwz\n  rotate: false\n  xy: 538, 702\n  size: 200, 86\n  orig: 200, 86\n  offset: 0, 0\n  index: -1\nwz2\n  rotate: false\n  xy: 806, 906\n  size: 200, 86\n  orig: 200, 86\n  offset: 0, 0\n  index: -1\nwz3\n  rotate: false\n  xy: 2, 90\n  size: 200, 86\n  orig: 200, 86\n  offset: 0, 0\n  index: -1\nwz4\n  rotate: true\n  xy: 270, 249\n  size: 200, 86\n  orig: 200, 86\n  offset: 0, 0\n  index: -1\nwz5\n  rotate: false\n  xy: 538, 614\n  size: 200, 86\n  orig: 200, 86\n  offset: 0, 0\n  index: -1\nwz6\n  rotate: false\n  xy: 806, 818\n  size: 200, 86\n  orig: 200, 86\n  offset: 0, 0\n  index: -1\nwz7\n  rotate: false\n  xy: 2, 2\n  size: 200, 86\n  orig: 200, 86\n  offset: 0, 0\n  index: -1\nxxx\n  rotate: false\n  xy: 740, 677\n  size: 42, 44\n  orig: 42, 44\n  offset: 0, 0\n  index: -1\nxxx2\n  rotate: false\n  xy: 204, 122\n  size: 56, 54\n  orig: 56, 54\n  offset: 0, 0\n  index: -1\n",
  "textures": [
    {
      "__uuid__": "f02f762e-3868-404e-a450-76dc513ffab5"
    }
  ],
  "textureNames": [
    "bjldh.png"
  ],
  "scale": 1
}