{
  "__type__": "sp.SkeletonData",
  "_name": "ddzdh",
  "_objFlags": 0,
  "_native": "raw-skeleton.json",
  "_skeletonJson": {
    "skeleton": {
      "hash": "9NlVoRLgVC1GQc08YySD3lqQFy0",
      "spine": "3.6.53",
      "width": 252,
      "height": 252
    },
    "bones": [
      {
        "name": "root"
      },
      {
        "name": "bone",
        "parent": "root",
        "length": 70.06,
        "rotation": 90,
        "scaleY": 1.02
      },
      {
        "name": "bone2",
        "parent": "root",
        "length": 32.78,
        "rotation": 84.91,
        "x": 4.85,
        "y": 52.02
      },
      {
        "name": "bone3",
        "parent": "bone2",
        "length": 6.82,
        "rotation": -111.8,
        "x": 33.49,
        "y": -10.15
      },
      {
        "name": "bone4",
        "parent": "bone2",
        "length": 6.35,
        "rotation": 101.28,
        "x": 38.09,
        "y": 5.08
      },
      {
        "name": "bone5",
        "parent": "bone2",
        "length": 6.53,
        "rotation": -102.64,
        "x": 63.96,
        "y": -31.67
      },
      {
        "name": "bone6",
        "parent": "bone2",
        "length": 12.14,
        "rotation": 99.16,
        "x": 69.63,
        "y": 17.64
      },
      {
        "name": "bone7",
        "parent": "bone2",
        "length": 6.68,
        "rotation": -98.26,
        "x": 43.88,
        "y": -54.73
      },
      {
        "name": "bone8",
        "parent": "bone2",
        "length": 12.85,
        "rotation": 82.58,
        "x": 41.8,
        "y": 42.62
      },
      {
        "name": "bone9",
        "parent": "root",
        "length": 22.57,
        "rotation": 138.59,
        "x": -25.21,
        "y": 47.98
      },
      {
        "name": "bone10",
        "parent": "root",
        "length": 124.68,
        "rotation": 90
      },
      {
        "name": "bone11",
        "parent": "root",
        "length": 19.04,
        "rotation": 47.15,
        "x": 62.02,
        "y": 121.29
      },
      {
        "name": "bone12",
        "parent": "bone2",
        "length": 14.95,
        "rotation": 85.52,
        "x": 15.35,
        "y": 14.92
      },
      {
        "name": "bone13",
        "parent": "root",
        "length": 12.58,
        "rotation": 93.24,
        "x": -45.23,
        "y": 133.49
      },
      {
        "name": "bone14",
        "parent": "root",
        "length": 10.05,
        "rotation": 63.43,
        "x": 83.6,
        "y": 64.61
      },
      {
        "name": "bone15",
        "parent": "root",
        "length": 66.85,
        "x": 2.56,
        "y": 81.31,
        "scaleX": 1.2,
        "scaleY": 1.2
      },
      {
        "name": "bone16",
        "parent": "bone2",
        "x": 37.75,
        "y": -1.68
      },
      {
        "name": "bone17",
        "parent": "bone16",
        "length": 35.9,
        "rotation": 170.38,
        "x": 69.48,
        "y": -10.37
      },
      {
        "name": "bone18",
        "parent": "bone2",
        "length": 12.1,
        "rotation": 169.27,
        "x": 27.47,
        "y": -2.2
      },
      {
        "name": "bone19",
        "parent": "bone2",
        "length": 16.02,
        "rotation": -6.09,
        "x": -1.63,
        "y": -3.43
      },
      {
        "name": "bone20",
        "parent": "bone12",
        "length": 28.54,
        "rotation": -91.14,
        "x": 42.71,
        "y": -0.14,
        "scaleX": -0.15,
        "scaleY": -0.1
      },
      {
        "name": "bone21",
        "parent": "bone17",
        "length": 3,
        "rotation": -170.38,
        "x": 22,
        "y": -8.07
      },
      {
        "name": "bone22",
        "parent": "bone2",
        "length": 3,
        "x": -47.15,
        "y": 22.94
      },
      {
        "name": "bone23",
        "parent": "bone2",
        "length": 3,
        "x": -3.25,
        "y": -19.82
      },
      {
        "name": "bone24",
        "parent": "bone18",
        "length": 4.96,
        "rotation": -163.32,
        "x": 13.13,
        "y": 7.59
      }
    ],
    "slots": [
      {
        "name": "light",
        "bone": "bone15",
        "attachment": "light"
      },
      {
        "name": "4444",
        "bone": "bone10",
        "attachment": "4444"
      },
      {
        "name": "poker",
        "bone": "bone9",
        "attachment": "poker"
      },
      {
        "name": "wz",
        "bone": "bone",
        "attachment": "wz"
      },
      {
        "name": "poker2",
        "bone": "bone11",
        "attachment": "poker2"
      },
      {
        "name": "ear2",
        "bone": "bone7",
        "attachment": "ear2"
      },
      {
        "name": "ear",
        "bone": "bone8",
        "attachment": "ear"
      },
      {
        "name": "head",
        "bone": "bone2",
        "attachment": "head"
      },
      {
        "name": "jinya1",
        "bone": "bone24",
        "attachment": "jinya4"
      },
      {
        "name": "huzi2",
        "bone": "bone3",
        "attachment": "huzi2"
      },
      {
        "name": "huz1",
        "bone": "bone4",
        "attachment": "huz1"
      },
      {
        "name": "mm2",
        "bone": "bone5",
        "attachment": "mm2"
      },
      {
        "name": "mm1",
        "bone": "bone6",
        "attachment": "mm1"
      },
      {
        "name": "smork",
        "bone": "bone12",
        "attachment": "smork"
      },
      {
        "name": "gold2",
        "bone": "bone13",
        "attachment": "gold2"
      },
      {
        "name": "gold",
        "bone": "bone14",
        "attachment": "gold"
      },
      {
        "name": "yan",
        "bone": "bone20",
        "attachment": "yan0007"
      },
      {
        "name": "guang",
        "bone": "bone21",
        "attachment": "guang"
      },
      {
        "name": "guang2",
        "bone": "bone22",
        "attachment": "guang"
      },
      {
        "name": "guang3",
        "bone": "bone23",
        "attachment": "guang"
      }
    ],
    "skins": {
      "default": {
        "4444": {
          "4444": {
            "x": 104.33,
            "y": -6.45,
            "rotation": -89.8,
            "width": 205,
            "height": 143
          }
        },
        "ear": {
          "ear": {
            "x": 2.77,
            "y": -0.23,
            "rotation": -151.43,
            "width": 20,
            "height": 25
          }
        },
        "ear2": {
          "ear2": {
            "x": 8.88,
            "y": 1.3,
            "rotation": -19.6,
            "width": 17,
            "height": 24
          }
        },
        "gold": {
          "gold": {
            "x": 9.21,
            "y": -1.94,
            "rotation": -8.81,
            "width": 29,
            "height": 23
          }
        },
        "gold2": {
          "gold2": {
            "x": 9.99,
            "y": 1.99,
            "rotation": -90,
            "width": 28,
            "height": 30
          }
        },
        "guang": {
          "guang": {
            "scaleX": 0.5,
            "scaleY": 0.5,
            "width": 56,
            "height": 55
          }
        },
        "guang2": {
          "guang": {
            "scaleX": 0.5,
            "scaleY": 0.5,
            "width": 56,
            "height": 55
          }
        },
        "guang3": {
          "guang": {
            "scaleX": 0.5,
            "scaleY": 0.5,
            "width": 56,
            "height": 55
          }
        },
        "head": {
          "head": {
            "type": "mesh",
            "uvs": [
              0.44322,
              0.02551,
              0.18758,
              0.10432,
              0.05891,
              0.26194,
              0.03859,
              0.4292,
              0,
              0.54179,
              0,
              0.73639,
              0.16726,
              0.95352,
              0.30947,
              1,
              0.73949,
              1,
              0.82244,
              0.931,
              0.92402,
              0.9503,
              1,
              0.82485,
              1,
              0.66402,
              1,
              0.32305,
              0.82583,
              0.08019,
              0.7124,
              0,
              0.52617,
              0,
              0.42908,
              0.57254,
              0.50298,
              0.62121,
              0.50206,
              0.66741,
              0.44393,
              0.71539,
              0.38309,
              0.68917,
              0.36605,
              0.64825,
              0.37497,
              0.59424,
              0.4722,
              0.59671,
              0.11665,
              0.6631,
              0.19342,
              0.74128,
              0.31933,
              0.82377,
              0.48023,
              0.86423,
              0.63938,
              0.85953,
              0.73288,
              0.8428,
              0.75374,
              0.8687,
              0.68184,
              0.91676,
              0.47801,
              0.94337,
              0.23404,
              0.87499,
              0.14326,
              0.79095,
              0.10695,
              0.6952,
              0.10432,
              0.41989,
              0.25854,
              0.37894,
              0.42309,
              0.37236,
              0.64512,
              0.40669,
              0.82906,
              0.5038,
              0.91886,
              0.58281,
              0.93855,
              0.62048,
              0.50727,
              0.06622,
              0.62187,
              0.07759,
              0.71655,
              0.10954,
              0.41923,
              0.65005
            ],
            "triangles": [
              8,
              31,
              9,
              31,
              30,
              11,
              32,
              30,
              31,
              9,
              31,
              11,
              10,
              9,
              11,
              30,
              43,
              11,
              43,
              12,
              11,
              30,
              42,
              43,
              12,
              43,
              42,
              33,
              28,
              29,
              33,
              27,
              28,
              26,
              25,
              22,
              34,
              26,
              27,
              27,
              26,
              21,
              28,
              27,
              20,
              36,
              25,
              26,
              29,
              28,
              19,
              32,
              29,
              30,
              36,
              5,
              25,
              35,
              36,
              26,
              35,
              26,
              34,
              5,
              35,
              6,
              6,
              35,
              34,
              8,
              32,
              31,
              29,
              32,
              33,
              8,
              33,
              32,
              7,
              33,
              8,
              7,
              34,
              27,
              7,
              27,
              33,
              6,
              34,
              7,
              5,
              36,
              35,
              25,
              5,
              4,
              27,
              21,
              20,
              21,
              22,
              47,
              24,
              17,
              39,
              17,
              23,
              39,
              18,
              24,
              40,
              47,
              23,
              17,
              47,
              17,
              24,
              22,
              23,
              47,
              18,
              47,
              24,
              19,
              47,
              18,
              20,
              47,
              19,
              41,
              19,
              18,
              22,
              25,
              23,
              26,
              22,
              21,
              21,
              47,
              20,
              28,
              20,
              19,
              29,
              19,
              30,
              25,
              4,
              37,
              30,
              41,
              42,
              44,
              0,
              16,
              45,
              16,
              15,
              44,
              16,
              45,
              46,
              15,
              14,
              45,
              15,
              46,
              39,
              1,
              0,
              39,
              0,
              44,
              38,
              2,
              1,
              39,
              44,
              45,
              40,
              39,
              45,
              39,
              38,
              1,
              46,
              40,
              45,
              37,
              2,
              38,
              3,
              2,
              37,
              13,
              46,
              14,
              13,
              40,
              46,
              41,
              40,
              13,
              23,
              38,
              39,
              42,
              41,
              13,
              40,
              24,
              39,
              12,
              42,
              13,
              41,
              18,
              40,
              4,
              3,
              37,
              25,
              37,
              38,
              23,
              25,
              38,
              30,
              19,
              41
            ],
            "vertices": [
              2,
              17,
              -1.61,
              -17.97,
              0.99746,
              2,
              111.82,
              5.4,
              0.00254,
              1,
              17,
              15.82,
              -43.17,
              1,
              1,
              17,
              38.15,
              -51.78,
              1,
              1,
              17,
              58.04,
              -48.23,
              1,
              1,
              2,
              44.12,
              47.92,
              1,
              1,
              19,
              17.31,
              50.59,
              1,
              1,
              19,
              -3.72,
              26.09,
              1,
              1,
              19,
              -5.46,
              9.03,
              1,
              4,
              17,
              100.69,
              47.98,
              0.0342,
              16,
              -37.82,
              -40.84,
              0.18979,
              19,
              5.7,
              -38.7,
              0.59871,
              18,
              19.55,
              44.74,
              0.1773,
              1,
              2,
              9.31,
              -50.88,
              1,
              1,
              2,
              8.44,
              -62.66,
              1,
              1,
              2,
              24.45,
              -69.4,
              1,
              1,
              2,
              43.6,
              -67.02,
              1,
              1,
              17,
              14.35,
              53.09,
              1,
              1,
              17,
              -7.86,
              25.69,
              1,
              1,
              17,
              -13.36,
              10.54,
              1,
              2,
              17,
              -7.26,
              -9.79,
              0.99997,
              2,
              116.02,
              -3.61,
              0.00003,
              1,
              16,
              8.73,
              0.59,
              1,
              1,
              16,
              3.97,
              -8.49,
              1,
              1,
              16,
              -1.54,
              -9.07,
              1,
              1,
              16,
              -8.07,
              -3.2,
              1,
              1,
              16,
              -5.8,
              4.07,
              1,
              1,
              16,
              -1.17,
              6.61,
              1,
              1,
              16,
              5.39,
              6.39,
              1,
              1,
              16,
              6.46,
              -4.64,
              1,
              1,
              18,
              2.77,
              -35.23,
              1,
              2,
              19,
              21.76,
              28.98,
              0.008,
              18,
              9.03,
              -24.02,
              0.992,
              1,
              18,
              14.06,
              -7.33,
              1,
              1,
              18,
              13.08,
              11.62,
              1,
              1,
              18,
              6.99,
              28.72,
              1,
              1,
              2,
              18.56,
              -39.45,
              1,
              1,
              2,
              15.77,
              -42.19,
              1,
              1,
              19,
              13.93,
              -30.03,
              1,
              4,
              17,
              102.75,
              17.48,
              0.00014,
              16,
              -34.74,
              -10.42,
              0.00655,
              19,
              5.53,
              -8.13,
              0.992,
              18,
              22.2,
              14.28,
              0.00131,
              1,
              19,
              7.19,
              20.82,
              1,
              1,
              19,
              14.65,
              33.19,
              1,
              1,
              19,
              24.9,
              39.84,
              1,
              1,
              17,
              54.82,
              -41.38,
              1,
              1,
              17,
              45.06,
              -25.95,
              1,
              1,
              17,
              38.92,
              -8.21,
              1,
              1,
              17,
              35.59,
              17.22,
              1,
              1,
              17,
              40.73,
              40.65,
              1,
              1,
              17,
              46.86,
              53.18,
              1,
              1,
              2,
              47.92,
              -59.43,
              1,
              2,
              17,
              0.97,
              -9.57,
              0.99957,
              2,
              107.87,
              -2.45,
              0.00043,
              1,
              17,
              -1.48,
              3.33,
              1,
              1,
              17,
              -0.91,
              14.77,
              1,
              1,
              16,
              -0.64,
              0.56,
              1
            ],
            "hull": 17
          }
        },
        "huz1": {
          "huz1": {
            "x": 14.01,
            "y": -1.36,
            "rotation": 173.84,
            "width": 27,
            "height": 20
          }
        },
        "huzi2": {
          "huzi2": {
            "x": 13.37,
            "y": 1.67,
            "rotation": 34.11,
            "width": 30,
            "height": 21
          }
        },
        "jinya1": {
          "jinya": {
            "x": 5.79,
            "y": -0.95,
            "rotation": -90,
            "width": 21,
            "height": 16
          },
          "jinya1": {
            "x": 5.79,
            "y": -0.95,
            "rotation": -90,
            "width": 21,
            "height": 16
          },
          "jinya2": {
            "x": 5.79,
            "y": -0.95,
            "rotation": -90,
            "width": 21,
            "height": 16
          },
          "jinya3": {
            "x": 5.79,
            "y": -0.95,
            "rotation": -90,
            "width": 21,
            "height": 16
          },
          "jinya4": {
            "x": 5.79,
            "y": -0.95,
            "rotation": -90,
            "width": 21,
            "height": 16
          }
        },
        "light": {
          "light": {
            "x": -10,
            "y": 1.74,
            "scaleX": 0.6,
            "scaleY": 0.6,
            "width": 350,
            "height": 350
          }
        },
        "mm1": {
          "mm1": {
            "x": 5.68,
            "y": -1.18,
            "rotation": -175.1,
            "width": 21,
            "height": 14
          }
        },
        "mm2": {
          "mm2": {
            "x": 6.81,
            "y": -0.46,
            "rotation": 20.45,
            "width": 21,
            "height": 16
          }
        },
        "poker": {
          "poker": {
            "x": 29.16,
            "y": -6.07,
            "rotation": -134.31,
            "width": 80,
            "height": 91
          }
        },
        "poker2": {
          "poker2": {
            "x": 13.56,
            "y": -0.16,
            "rotation": -54.81,
            "width": 40,
            "height": 34
          }
        },
        "smork": {
          "smork": {
            "x": 21.62,
            "y": 0.96,
            "rotation": -178.46,
            "width": 54,
            "height": 24
          }
        },
        "wz": {
          "wz": {
            "x": 31.34,
            "rotation": -90,
            "width": 200,
            "height": 94
          }
        },
        "yan": {
          "yan0001": {
            "width": 200,
            "height": 300
          },
          "yan0002": {
            "width": 200,
            "height": 300
          },
          "yan0003": {
            "width": 200,
            "height": 300
          },
          "yan0004": {
            "width": 200,
            "height": 300
          },
          "yan0005": {
            "width": 200,
            "height": 300
          },
          "yan0006": {
            "width": 200,
            "height": 300
          },
          "yan0007": {
            "width": 200,
            "height": 300
          }
        }
      }
    },
    "animations": {
      "run": {
        "slots": {
          "guang": {
            "color": [
              {
                "time": 1.1333,
                "color": "ffffffd0"
              },
              {
                "time": 1.2667,
                "color": "ffffffa5"
              },
              {
                "time": 1.4,
                "color": "ffffff80"
              },
              {
                "time": 1.5333,
                "color": "ffffff51"
              },
              {
                "time": 1.6667,
                "color": "ffffff27"
              },
              {
                "time": 1.8,
                "color": "ffffff00"
              }
            ]
          },
          "guang2": {
            "color": [
              {
                "time": 1.1333,
                "color": "ffffffd0"
              },
              {
                "time": 1.2667,
                "color": "ffffffa5"
              },
              {
                "time": 1.4,
                "color": "ffffff80"
              },
              {
                "time": 1.5333,
                "color": "ffffff51"
              },
              {
                "time": 1.6667,
                "color": "ffffff27"
              },
              {
                "time": 1.8,
                "color": "ffffff00"
              }
            ]
          },
          "guang3": {
            "color": [
              {
                "time": 1.1333,
                "color": "ffffffd0"
              },
              {
                "time": 1.2667,
                "color": "ffffffa5"
              },
              {
                "time": 1.4,
                "color": "ffffff80"
              },
              {
                "time": 1.5333,
                "color": "ffffff51"
              },
              {
                "time": 1.6667,
                "color": "ffffff27"
              },
              {
                "time": 1.8,
                "color": "ffffff00"
              }
            ]
          },
          "jinya1": {
            "attachment": [
              {
                "time": 0,
                "name": "jinya"
              },
              {
                "time": 0.1667,
                "name": "jinya1"
              },
              {
                "time": 0.3333,
                "name": "jinya2"
              },
              {
                "time": 0.5,
                "name": "jinya3"
              },
              {
                "time": 0.6667,
                "name": "jinya4"
              },
              {
                "time": 0.8333,
                "name": "jinya"
              }
            ]
          },
          "light": {
            "color": [
              {
                "time": 1.1333,
                "color": "ffffffd1"
              },
              {
                "time": 1.2667,
                "color": "ffffffa3"
              },
              {
                "time": 1.4,
                "color": "ffffff76"
              },
              {
                "time": 1.5333,
                "color": "ffffff53"
              },
              {
                "time": 1.6667,
                "color": "ffffff2f"
              },
              {
                "time": 1.8,
                "color": "ffffff0c"
              },
              {
                "time": 1.9333,
                "color": "ffffff00",
                "curve": "stepped"
              },
              {
                "time": 2,
                "color": "ffffff00"
              }
            ]
          },
          "yan": {
            "attachment": [
              {
                "time": 0,
                "name": "yan0001"
              },
              {
                "time": 0.1667,
                "name": "yan0002"
              },
              {
                "time": 0.3333,
                "name": "yan0003"
              },
              {
                "time": 0.5,
                "name": "yan0004"
              },
              {
                "time": 0.6667,
                "name": "yan0005"
              },
              {
                "time": 0.8333,
                "name": "yan0006"
              },
              {
                "time": 1,
                "name": "yan0007"
              },
              {
                "time": 1.1667,
                "name": "yan0006"
              },
              {
                "time": 1.3333,
                "name": "yan0005"
              },
              {
                "time": 1.5,
                "name": "yan0004"
              },
              {
                "time": 1.6667,
                "name": "yan0003"
              },
              {
                "time": 1.8333,
                "name": "yan0002"
              },
              {
                "time": 2,
                "name": "yan0001"
              }
            ]
          }
        },
        "bones": {
          "bone12": {
            "rotate": [
              {
                "time": 0,
                "angle": 0
              },
              {
                "time": 1,
                "angle": 14.4
              },
              {
                "time": 2,
                "angle": 0
              }
            ]
          },
          "bone3": {
            "rotate": [
              {
                "time": 0,
                "angle": 0
              },
              {
                "time": 1,
                "angle": 14.4
              },
              {
                "time": 2,
                "angle": 0
              }
            ]
          },
          "bone4": {
            "rotate": [
              {
                "time": 0,
                "angle": 0
              },
              {
                "time": 1,
                "angle": -15.6
              },
              {
                "time": 2,
                "angle": 0
              }
            ]
          },
          "bone6": {
            "rotate": [
              {
                "time": 0,
                "angle": 0
              },
              {
                "time": 1,
                "angle": -15.6
              },
              {
                "time": 2,
                "angle": 0
              }
            ],
            "translate": [
              {
                "time": 0,
                "x": 0,
                "y": 0
              },
              {
                "time": 1,
                "x": 0,
                "y": 2
              },
              {
                "time": 2,
                "x": 0,
                "y": 0
              }
            ]
          },
          "bone5": {
            "rotate": [
              {
                "time": 0,
                "angle": 0
              },
              {
                "time": 1,
                "angle": 14.4
              },
              {
                "time": 2,
                "angle": 0
              }
            ],
            "translate": [
              {
                "time": 0,
                "x": 0,
                "y": 0
              },
              {
                "time": 1,
                "x": 0,
                "y": -2
              },
              {
                "time": 2,
                "x": 0,
                "y": 0
              }
            ]
          },
          "bone7": {
            "rotate": [
              {
                "time": 0,
                "angle": 0
              },
              {
                "time": 1,
                "angle": 12
              },
              {
                "time": 2,
                "angle": 0
              }
            ]
          },
          "bone8": {
            "rotate": [
              {
                "time": 0,
                "angle": 0
              },
              {
                "time": 1,
                "angle": -14.4
              },
              {
                "time": 2,
                "angle": 0
              }
            ]
          },
          "bone9": {
            "translate": [
              {
                "time": 0,
                "x": 0,
                "y": 0
              },
              {
                "time": 1,
                "x": -4,
                "y": 2
              },
              {
                "time": 2,
                "x": 0,
                "y": 0
              }
            ],
            "shear": [
              {
                "time": 0,
                "x": 0,
                "y": 0
              },
              {
                "time": 1,
                "x": 9.6,
                "y": -2.4
              },
              {
                "time": 2,
                "x": 0,
                "y": 0
              }
            ]
          },
          "bone11": {
            "rotate": [
              {
                "time": 0,
                "angle": 0
              },
              {
                "time": 1,
                "angle": -12
              },
              {
                "time": 2,
                "angle": 0
              }
            ],
            "translate": [
              {
                "time": 0,
                "x": 0,
                "y": 0
              },
              {
                "time": 1,
                "x": 2,
                "y": 6.01
              },
              {
                "time": 2,
                "x": 0,
                "y": 0
              }
            ]
          },
          "bone13": {
            "rotate": [
              {
                "time": 0,
                "angle": 0
              },
              {
                "time": 1,
                "angle": -13.2
              },
              {
                "time": 2,
                "angle": 0
              }
            ],
            "translate": [
              {
                "time": 0,
                "x": 0,
                "y": 0
              },
              {
                "time": 1,
                "x": -8,
                "y": 8.01
              },
              {
                "time": 2,
                "x": 0,
                "y": 0
              }
            ]
          },
          "bone14": {
            "rotate": [
              {
                "time": 0,
                "angle": 0
              },
              {
                "time": 1,
                "angle": -15.6
              },
              {
                "time": 2,
                "angle": 0
              }
            ],
            "translate": [
              {
                "time": 0,
                "x": 0,
                "y": 0
              },
              {
                "time": 1,
                "x": -6,
                "y": -8
              },
              {
                "time": 2,
                "x": 0,
                "y": 0
              }
            ]
          },
          "bone10": {
            "rotate": [
              {
                "time": 0,
                "angle": 0
              },
              {
                "time": 1,
                "angle": 7.2
              },
              {
                "time": 2,
                "angle": 0
              }
            ],
            "translate": [
              {
                "time": 0,
                "x": 0,
                "y": 0
              },
              {
                "time": 1,
                "x": 2,
                "y": 2
              },
              {
                "time": 2,
                "x": 0,
                "y": 0
              }
            ],
            "scale": [
              {
                "time": 0,
                "x": 1,
                "y": 1
              },
              {
                "time": 1,
                "x": 1.04,
                "y": 1.04
              },
              {
                "time": 2,
                "x": 1,
                "y": 1
              }
            ],
            "shear": [
              {
                "time": 0,
                "x": 0,
                "y": 0
              },
              {
                "time": 1,
                "x": -7.2,
                "y": -9.6
              },
              {
                "time": 2,
                "x": 0,
                "y": 0
              }
            ]
          },
          "bone16": {
            "translate": [
              {
                "time": 0,
                "x": 0,
                "y": 0
              },
              {
                "time": 1,
                "x": 2,
                "y": 0
              },
              {
                "time": 2,
                "x": 0,
                "y": 0
              }
            ]
          },
          "bone17": {
            "rotate": [
              {
                "time": 0,
                "angle": 0
              },
              {
                "time": 1,
                "angle": -1.2
              },
              {
                "time": 2,
                "angle": 0
              }
            ],
            "translate": [
              {
                "time": 0,
                "x": 0,
                "y": 0
              },
              {
                "time": 1,
                "x": 4,
                "y": 0
              },
              {
                "time": 2,
                "x": 0,
                "y": 0
              }
            ]
          },
          "bone18": {
            "translate": [
              {
                "time": 0,
                "x": 0,
                "y": 0
              },
              {
                "time": 1,
                "x": 2,
                "y": 0
              },
              {
                "time": 2,
                "x": 0,
                "y": 0
              }
            ]
          },
          "bone19": {
            "translate": [
              {
                "time": 0,
                "x": 0,
                "y": 0
              },
              {
                "time": 1,
                "x": 2,
                "y": 0
              },
              {
                "time": 2,
                "x": 0,
                "y": 0
              }
            ]
          },
          "bone15": {
            "rotate": [
              {
                "time": 0,
                "angle": 0
              },
              {
                "time": 1,
                "angle": 180
              },
              {
                "time": 2,
                "angle": 0
              }
            ],
            "scale": [
              {
                "time": 0,
                "x": 0,
                "y": 0
              },
              {
                "time": 1,
                "x": 0.833,
                "y": 0.833
              },
              {
                "time": 2,
                "x": 0,
                "y": 0
              }
            ]
          },
          "bone21": {
            "rotate": [
              {
                "time": 0,
                "angle": 0
              },
              {
                "time": 1,
                "angle": 180
              },
              {
                "time": 2,
                "angle": 0
              }
            ],
            "scale": [
              {
                "time": 0,
                "x": 0,
                "y": 0
              },
              {
                "time": 1,
                "x": 0.75,
                "y": 0.75
              },
              {
                "time": 2,
                "x": 1.5,
                "y": 1.5
              }
            ]
          },
          "bone22": {
            "rotate": [
              {
                "time": 0,
                "angle": 0
              },
              {
                "time": 1,
                "angle": 180
              },
              {
                "time": 2,
                "angle": 0
              }
            ],
            "scale": [
              {
                "time": 0,
                "x": 0,
                "y": 0
              },
              {
                "time": 1,
                "x": 0.75,
                "y": 0.75
              },
              {
                "time": 2,
                "x": 1.5,
                "y": 1.5
              }
            ]
          },
          "bone23": {
            "scale": [
              {
                "time": 0,
                "x": 0,
                "y": 0
              },
              {
                "time": 1,
                "x": 0.5,
                "y": 0.5
              },
              {
                "time": 2,
                "x": 1,
                "y": 1
              }
            ]
          }
        }
      }
    }
  },
  "_atlasText": "\nddzdh.png\nsize: 1024,1024\nformat: RGBA8888\nfilter: Linear,Linear\nrepeat: none\n4444\n  rotate: false\n  xy: 406, 568\n  size: 205, 143\n  orig: 205, 143\n  offset: 0, 0\n  index: -1\near\n  rotate: false\n  xy: 488, 445\n  size: 20, 25\n  orig: 20, 25\n  offset: 0, 0\n  index: -1\near2\n  rotate: false\n  xy: 60, 33\n  size: 17, 24\n  orig: 17, 24\n  offset: 0, 0\n  index: -1\ngold\n  rotate: false\n  xy: 406, 354\n  size: 29, 23\n  orig: 29, 23\n  offset: 0, 0\n  index: -1\ngold2\n  rotate: false\n  xy: 729, 681\n  size: 28, 30\n  orig: 28, 30\n  offset: 0, 0\n  index: -1\nguang\n  rotate: false\n  xy: 2, 2\n  size: 56, 55\n  orig: 56, 55\n  offset: 0, 0\n  index: -1\nhead\n  rotate: false\n  xy: 613, 591\n  size: 114, 120\n  orig: 114, 120\n  offset: 0, 0\n  index: -1\nhuz1\n  rotate: false\n  xy: 608, 546\n  size: 27, 20\n  orig: 27, 20\n  offset: 0, 0\n  index: -1\nhuzi2\n  rotate: false\n  xy: 613, 568\n  size: 30, 21\n  orig: 30, 21\n  offset: 0, 0\n  index: -1\njinya\n  rotate: false\n  xy: 960, 971\n  size: 21, 16\n  orig: 21, 16\n  offset: 0, 0\n  index: -1\njinya1\n  rotate: false\n  xy: 729, 663\n  size: 21, 16\n  orig: 21, 16\n  offset: 0, 0\n  index: -1\njinya2\n  rotate: false\n  xy: 759, 695\n  size: 21, 16\n  orig: 21, 16\n  offset: 0, 0\n  index: -1\njinya3\n  rotate: false\n  xy: 406, 336\n  size: 21, 16\n  orig: 21, 16\n  offset: 0, 0\n  index: -1\njinya4\n  rotate: false\n  xy: 437, 361\n  size: 21, 16\n  orig: 21, 16\n  offset: 0, 0\n  index: -1\nlight\n  rotate: false\n  xy: 2, 663\n  size: 350, 350\n  orig: 350, 350\n  offset: 0, 0\n  index: -1\nmm1\n  rotate: false\n  xy: 608, 530\n  size: 21, 14\n  orig: 21, 14\n  offset: 0, 0\n  index: -1\nmm2\n  rotate: false\n  xy: 645, 573\n  size: 21, 16\n  orig: 21, 16\n  offset: 0, 0\n  index: -1\npoker\n  rotate: false\n  xy: 406, 379\n  size: 80, 91\n  orig: 80, 91\n  offset: 0, 0\n  index: -1\npoker2\n  rotate: false\n  xy: 354, 677\n  size: 40, 34\n  orig: 40, 34\n  offset: 0, 0\n  index: -1\nsmork\n  rotate: false\n  xy: 960, 989\n  size: 54, 24\n  orig: 54, 24\n  offset: 0, 0\n  index: -1\nwz\n  rotate: false\n  xy: 406, 472\n  size: 200, 94\n  orig: 200, 94\n  offset: 0, 0\n  index: -1\nyan0001\n  rotate: false\n  xy: 2, 361\n  size: 200, 300\n  orig: 200, 300\n  offset: 0, 0\n  index: -1\nyan0002\n  rotate: false\n  xy: 354, 713\n  size: 200, 300\n  orig: 200, 300\n  offset: 0, 0\n  index: -1\nyan0003\n  rotate: false\n  xy: 2, 59\n  size: 200, 300\n  orig: 200, 300\n  offset: 0, 0\n  index: -1\nyan0004\n  rotate: false\n  xy: 556, 713\n  size: 200, 300\n  orig: 200, 300\n  offset: 0, 0\n  index: -1\nyan0005\n  rotate: false\n  xy: 758, 713\n  size: 200, 300\n  orig: 200, 300\n  offset: 0, 0\n  index: -1\nyan0006\n  rotate: false\n  xy: 204, 361\n  size: 200, 300\n  orig: 200, 300\n  offset: 0, 0\n  index: -1\nyan0007\n  rotate: false\n  xy: 204, 59\n  size: 200, 300\n  orig: 200, 300\n  offset: 0, 0\n  index: -1\n",
  "textures": [
    {
      "__uuid__": "0f2414e5-a027-4b4a-9bb1-e04f769668b3"
    }
  ],
  "textureNames": [
    "ddzdh.png"
  ],
  "scale": 1
}