{
  "f8e6b000-5643-4b86-9080-aa680ce1f599": {
    "asset": 1548404437973,
    "meta": 1546831318000,
    "relativePath": "image"
  },
  "fc09f9bd-2cce-4605-b630-8145ef809ed6": {
    "asset": 1548404395134,
    "meta": 1546831318000,
    "relativePath": "misc"
  },
  "f6e6dd15-71d1-4ffe-ace7-24fd39942c05": {
    "asset": 1548404438239,
    "meta": 1546831318000,
    "relativePath": "obsolete"
  },
  "f743d2b6-b7ea-4c14-a55b-547ed4d0a045": {
    "asset": 1548404438250,
    "meta": 1546831318000,
    "relativePath": "particle"
  },
  "ae6c6c98-11e4-452f-8758-75f5c6a56e83": {
    "asset": 1548404437985,
    "meta": 1546831318000,
    "relativePath": "prefab"
  },
  "nn1a991e-5d05-4604-9a56-e065c63fa41a": {
    "asset": 1550555134644,
    "meta": 1549771840296,
    "relativePath": "resources"
  },
  "e3ed764f-3714-4997-837b-cbf542882799": {
    "asset": 1550555130056,
    "meta": 1550493288385,
    "relativePath": "games"
  },
  "bac5e39f-3f50-4a3b-82e9-c8b6dbeb11fc": {
    "asset": 1550555097113,
    "meta": 1550493344527,
    "relativePath": "games\\bjl"
  },
  "557d17f8-7681-483c-a5df-673335210b05": {
    "asset": 1550555139905,
    "meta": 1550493365305,
    "relativePath": "resources\\games"
  },
  "9a76dc49-b20e-49a6-b909-b60d4802f8d3": {
    "asset": 1550555097377,
    "meta": 1550493383140,
    "relativePath": "resources\\games\\bjl"
  },
  "da87cbb6-64e9-4bc4-b08a-194f5996070d": {
    "asset": 1550578491393,
    "meta": 1550578491411,
    "relativePath": "games\\bjl\\GameScene_BJL.fire"
  },
  "31fdcd94-1846-4d7f-873c-6667aeb5676a": {
    "asset": 1550555097115,
    "meta": 1550493436981,
    "relativePath": "games\\bjl\\scripts"
  },
  "0d144505-fd00-4396-8afc-ad938a64ae77": {
    "asset": 1550555097104,
    "meta": 1550493450163,
    "relativePath": "games\\bjl\\res"
  },
  "7d1fe31a-556d-4632-8a50-7ce2fc13c53f": {
    "asset": 1550493767548,
    "meta": 1550493767553,
    "relativePath": "resources\\games\\bjl\\audios"
  },
  "362ab9ec-1074-4ab4-b937-becc1fac4e43": {
    "asset": 1550494097602,
    "meta": 1550494097606,
    "relativePath": "games\\bjl\\res\\prefab"
  },
  "339b8a45-d66a-4541-ae7b-e276bd44ff17": {
    "asset": 1550555097110,
    "meta": 1550494114242,
    "relativePath": "games\\bjl\\res\\textures"
  },
  "bb642c42-eec1-4567-b2da-0c1386660652": {
    "asset": 1550494190227,
    "meta": 1550495697863,
    "relativePath": "games\\bjl\\res\\textures\\shezhi.png"
  },
  "3d23a9f5-e3f9-48e5-b19c-84d7c883b636": {
    "asset": 1550494190227,
    "meta": 1550495698099,
    "relativePath": "games\\bjl\\res\\textures\\tuichu.png"
  },
  "90812eea-5e33-4698-ac18-a43d8e1fcc1e": {
    "asset": 1550546768958,
    "meta": 1550547434015,
    "relativePath": "games\\bjl\\scripts\\GameScene_BJL.js"
  },
  "71561142-4c83-4933-afca-cb7a17f67053": {
    "asset": 1546831318000,
    "meta": 1550578426200,
    "relativePath": "image\\default_btn_disabled.png"
  },
  "e851e89b-faa2-4484-bea6-5c01dd9f06e2": {
    "asset": 1546831318000,
    "meta": 1550578426203,
    "relativePath": "image\\default_btn_normal.png"
  },
  "edd215b9-2796-4a05-aaf5-81f96c9281ce": {
    "asset": 1546831318000,
    "meta": 1550578426213,
    "relativePath": "image\\default_editbox_bg.png"
  },
  "b43ff3c2-02bb-4874-81f7-f2dea6970f18": {
    "asset": 1546831318000,
    "meta": 1550578426216,
    "relativePath": "image\\default_btn_pressed.png"
  },
  "d81ec8ad-247c-4e62-aa3c-d35c4193c7af": {
    "asset": 1546831318000,
    "meta": 1550578426229,
    "relativePath": "image\\default_panel.png"
  },
  "99170b0b-d210-46f1-b213-7d9e3f23098a": {
    "asset": 1546831318000,
    "meta": 1550578426231,
    "relativePath": "image\\default_progressbar_bg.png"
  },
  "567dcd80-8bf4-4535-8a5a-313f1caf078a": {
    "asset": 1546831318000,
    "meta": 1550578426285,
    "relativePath": "image\\default_radio_button_off.png"
  },
  "cfef78f1-c8df-49b7-8ed0-4c953ace2621": {
    "asset": 1546831318000,
    "meta": 1550578426287,
    "relativePath": "image\\default_progressbar.png"
  },
  "4bab67cb-18e6-4099-b840-355f0473f890": {
    "asset": 1546831318000,
    "meta": 1550578426306,
    "relativePath": "image\\default_scrollbar_bg.png"
  },
  "9d60001f-b5f4-4726-a629-2659e3ded0b8": {
    "asset": 1546831318000,
    "meta": 1550578426307,
    "relativePath": "image\\default_radio_button_on.png"
  },
  "617323dd-11f4-4dd3-8eec-0caf6b3b45b9": {
    "asset": 1546831318000,
    "meta": 1550578426316,
    "relativePath": "image\\default_scrollbar_vertical_bg.png"
  },
  "d6d3ca85-4681-47c1-b5dd-d036a9d39ea2": {
    "asset": 1546831318000,
    "meta": 1550578426318,
    "relativePath": "image\\default_scrollbar_vertical.png"
  },
  "0275e94c-56a7-410f-bd1a-fc7483f7d14a": {
    "asset": 1546831318000,
    "meta": 1550578426328,
    "relativePath": "image\\default_sprite_splash.png"
  },
  "0291c134-b3da-4098-b7b5-e397edbe947f": {
    "asset": 1546831318000,
    "meta": 1550578426348,
    "relativePath": "image\\default_scrollbar.png"
  },
  "73a0903d-d80e-4e3c-aa67-f999543c08f5": {
    "asset": 1546831318000,
    "meta": 1550578426363,
    "relativePath": "image\\default_toggle_checkmark.png"
  },
  "6e056173-d285-473c-b206-40a7fff5386e": {
    "asset": 1546831318000,
    "meta": 1550578426360,
    "relativePath": "image\\default_sprite.png"
  },
  "c25b9d50-c8fc-4d27-beeb-6e7c1f2e5c0f": {
    "asset": 1546831318000,
    "meta": 1550578426374,
    "relativePath": "image\\default_toggle_disabled.png"
  },
  "d29077ba-1627-4a72-9579-7b56a235340c": {
    "asset": 1546831318000,
    "meta": 1550578426372,
    "relativePath": "image\\default_toggle_normal.png"
  },
  "b181c1e4-0a72-4a91-bfb0-ae6f36ca60bd": {
    "asset": 1546831318000,
    "meta": 1550578426382,
    "relativePath": "image\\default_toggle_pressed.png"
  },
  "2be36297-9abb-4fee-8049-9ed5e271da8a": {
    "asset": 1546831318000,
    "meta": 1550578426389,
    "relativePath": "misc\\default_video.mp4"
  },
  "b2687ac4-099e-403c-a192-ff477686f4f5": {
    "asset": 1546831318000,
    "meta": 1550578426499,
    "relativePath": "particle\\atom.plist"
  },
  "b8223619-7e38-47c4-841f-9160c232495a": {
    "asset": 1546831318000,
    "meta": 1550578426497,
    "relativePath": "obsolete\\atom.plist"
  },
  "8a96b965-2dc0-4e03-aa90-3b79cb93b5b4": {
    "asset": 1546831318000,
    "meta": 1550578426404,
    "relativePath": "obsolete\\atom.png"
  },
  "d0a82d39-bede-46c4-b698-c81ff0dedfff": {
    "asset": 1546831318000,
    "meta": 1550578426400,
    "relativePath": "particle\\atom.png"
  },
  "972b9a4d-47ee-4c74-b5c3-61d8a69bc29f": {
    "asset": 1546831318000,
    "meta": 1550578426408,
    "relativePath": "prefab\\button.prefab"
  },
  "2c937608-2562-40ea-b264-7395df6f0cea": {
    "asset": 1546831318000,
    "meta": 1550578426410,
    "relativePath": "prefab\\canvas.prefab"
  },
  "61aeb05b-3b32-452b-8eed-2b76deeed554": {
    "asset": 1546831318000,
    "meta": 1550578426413,
    "relativePath": "prefab\\editbox.prefab"
  },
  "27756ebb-3d33-44b0-9b96-e858fadd4dd4": {
    "asset": 1546831318000,
    "meta": 1550578426415,
    "relativePath": "prefab\\label.prefab"
  },
  "785a442c-3ceb-45be-a46e-7317f625f3b9": {
    "asset": 1546831318000,
    "meta": 1550578426417,
    "relativePath": "prefab\\layout.prefab"
  },
  "ca8401fe-ad6e-41a8-bd46-8e3e4e9945be": {
    "asset": 1546831318000,
    "meta": 1550578426422,
    "relativePath": "prefab\\pageview.prefab"
  },
  "cd33edea-55f5-46c2-958d-357a01384a36": {
    "asset": 1546831318000,
    "meta": 1550578426425,
    "relativePath": "prefab\\particlesystem.prefab"
  },
  "5965ffac-69da-4b55-bcde-9225d0613c28": {
    "asset": 1546831318000,
    "meta": 1550578426427,
    "relativePath": "prefab\\progressBar.prefab"
  },
  "4a37dd57-78cd-4cec-aad4-f11a73d12b63": {
    "asset": 1546831318000,
    "meta": 1550578426429,
    "relativePath": "prefab\\richtext.prefab"
  },
  "32044bd2-481f-4cf1-a656-e2b2fb1594eb": {
    "asset": 1546831318000,
    "meta": 1550578426434,
    "relativePath": "prefab\\scrollview.prefab"
  },
  "0004d1cf-a0ad-47d8-ab17-34d3db9d35a3": {
    "asset": 1546831318000,
    "meta": 1550578426437,
    "relativePath": "prefab\\slider.prefab"
  },
  "1f55e3be-b89b-4b79-88de-47fd31018044": {
    "asset": 1546831318000,
    "meta": 1550578426440,
    "relativePath": "prefab\\sprite_splash.prefab"
  },
  "96083d03-c332-4a3f-9386-d03e2d19e8ee": {
    "asset": 1546831318000,
    "meta": 1550578426442,
    "relativePath": "prefab\\sprite.prefab"
  },
  "7de03a80-4457-438d-95a7-3e7cdffd6086": {
    "asset": 1546831318000,
    "meta": 1550578426444,
    "relativePath": "prefab\\tiledmap.prefab"
  },
  "0e42ba95-1fa1-46aa-b2cf-143cd1bcee2c": {
    "asset": 1546831318000,
    "meta": 1550578426447,
    "relativePath": "prefab\\tiledtile.prefab"
  },
  "0d784963-d024-4ea6-a7db-03be0ad63010": {
    "asset": 1546831318000,
    "meta": 1550578426454,
    "relativePath": "prefab\\toggle.prefab"
  },
  "bf0a434c-84dd-4a8e-a08a-7a36f180cc75": {
    "asset": 1546831318000,
    "meta": 1550578426460,
    "relativePath": "prefab\\toggleContainer.prefab"
  },
  "d1b8be49-b0a0-435c-83b7-552bed4bbe35": {
    "asset": 1546831318000,
    "meta": 1550578426465,
    "relativePath": "prefab\\toggleGroup.prefab"
  },
  "232d2782-c4bd-4bb4-9e01-909f03d6d3b9": {
    "asset": 1546831318000,
    "meta": 1550578426468,
    "relativePath": "prefab\\videoplayer.prefab"
  },
  "8c5001fd-07ee-4a4b-a8a0-63e15195e94d": {
    "asset": 1546831318000,
    "meta": 1550578426470,
    "relativePath": "prefab\\webview.prefab"
  },
  "c9822e29-7ff3-4a5b-a222-517c90d899ca": {
    "asset": 1550578475709,
    "meta": 1550578475766,
    "relativePath": "games\\bjl\\res\\textures\\bg_hall2.png"
  }
}