{
  "f8e6b000-5643-4b86-9080-aa680ce1f599": {
    "asset": 1548404437973,
    "meta": 1546831318000,
    "relativePath": "image"
  },
  "fc09f9bd-2cce-4605-b630-8145ef809ed6": {
    "asset": 1548404395134,
    "meta": 1546831318000,
    "relativePath": "misc"
  },
  "f6e6dd15-71d1-4ffe-ace7-24fd39942c05": {
    "asset": 1548404438239,
    "meta": 1546831318000,
    "relativePath": "obsolete"
  },
  "f743d2b6-b7ea-4c14-a55b-547ed4d0a045": {
    "asset": 1548404438250,
    "meta": 1546831318000,
    "relativePath": "particle"
  },
  "ae6c6c98-11e4-452f-8758-75f5c6a56e83": {
    "asset": 1548404437985,
    "meta": 1546831318000,
    "relativePath": "prefab"
  },
  "nn1a991e-5d05-4604-9a56-e065c63fa41a": {
    "asset": 1550555193265,
    "meta": 1549771840296,
    "relativePath": "resources"
  },
  "e3ed764f-3714-4997-837b-cbf542882799": {
    "asset": 1550555189014,
    "meta": 1550493288385,
    "relativePath": "games"
  },
  "d72785f1-7c2d-40d2-8913-935f7a401e60": {
    "asset": 1550555107024,
    "meta": 1550493313396,
    "relativePath": "games\\lkpy"
  },
  "557d17f8-7681-483c-a5df-673335210b05": {
    "asset": 1550555200510,
    "meta": 1550493365305,
    "relativePath": "resources\\games"
  },
  "431c9d53-0c49-4c88-aff4-1eba5a9c1698": {
    "asset": 1550555107240,
    "meta": 1550493382987,
    "relativePath": "resources\\games\\lkpy"
  },
  "402232cb-95ca-415a-9dd4-a29c68992b69": {
    "asset": 1550578736877,
    "meta": 1550578736893,
    "relativePath": "games\\lkpy\\GameScene_LKPY.fire"
  },
  "65835ae2-bda0-45e8-8fec-98f8468ceced": {
    "asset": 1550493778309,
    "meta": 1550493778318,
    "relativePath": "resources\\games\\lkpy\\audios"
  },
  "6ad58512-6830-41f2-8d39-6dcb59dfcfa4": {
    "asset": 1550555107015,
    "meta": 1550495566541,
    "relativePath": "games\\lkpy\\res"
  },
  "762fab46-fac1-413d-b4cc-a0f2e67df614": {
    "asset": 1550555107027,
    "meta": 1550495571803,
    "relativePath": "games\\lkpy\\scripts"
  },
  "8db168f8-6317-4c4f-9d4f-4aa117ce8673": {
    "asset": 1550495581162,
    "meta": 1550495581167,
    "relativePath": "games\\lkpy\\res\\prefab"
  },
  "3e003038-8168-4f5f-b9df-aa591d215c07": {
    "asset": 1550555107022,
    "meta": 1550495590819,
    "relativePath": "games\\lkpy\\res\\textures"
  },
  "0e5becc8-15ae-4a9a-85fe-bea4249526c5": {
    "asset": 1550494190227,
    "meta": 1550496472606,
    "relativePath": "games\\lkpy\\res\\textures\\tuichu.png"
  },
  "e94155a3-c961-4842-9c39-e15a6e583fd8": {
    "asset": 1550494190227,
    "meta": 1550496472610,
    "relativePath": "games\\lkpy\\res\\textures\\shezhi.png"
  },
  "045f3ef6-660f-4be3-9c4d-369975da7afa": {
    "asset": 1550499779562,
    "meta": 1550547434038,
    "relativePath": "games\\lkpy\\scripts\\GameScene_LKPY.js"
  },
  "65aa3f28-3768-4afd-bdf5-6a8065d614e4": {
    "asset": 1550578721656,
    "meta": 1550578721704,
    "relativePath": "games\\lkpy\\res\\textures\\bg_hall2.png"
  },
  "71561142-4c83-4933-afca-cb7a17f67053": {
    "asset": 1546831318000,
    "meta": 1550580515821,
    "relativePath": "image\\default_btn_disabled.png"
  },
  "e851e89b-faa2-4484-bea6-5c01dd9f06e2": {
    "asset": 1546831318000,
    "meta": 1550580515826,
    "relativePath": "image\\default_btn_normal.png"
  },
  "b43ff3c2-02bb-4874-81f7-f2dea6970f18": {
    "asset": 1546831318000,
    "meta": 1550580515837,
    "relativePath": "image\\default_btn_pressed.png"
  },
  "edd215b9-2796-4a05-aaf5-81f96c9281ce": {
    "asset": 1546831318000,
    "meta": 1550580515840,
    "relativePath": "image\\default_editbox_bg.png"
  },
  "d81ec8ad-247c-4e62-aa3c-d35c4193c7af": {
    "asset": 1546831318000,
    "meta": 1550580515848,
    "relativePath": "image\\default_panel.png"
  },
  "99170b0b-d210-46f1-b213-7d9e3f23098a": {
    "asset": 1546831318000,
    "meta": 1550580515851,
    "relativePath": "image\\default_progressbar_bg.png"
  },
  "cfef78f1-c8df-49b7-8ed0-4c953ace2621": {
    "asset": 1546831318000,
    "meta": 1550580515862,
    "relativePath": "image\\default_progressbar.png"
  },
  "567dcd80-8bf4-4535-8a5a-313f1caf078a": {
    "asset": 1546831318000,
    "meta": 1550580515864,
    "relativePath": "image\\default_radio_button_off.png"
  },
  "9d60001f-b5f4-4726-a629-2659e3ded0b8": {
    "asset": 1546831318000,
    "meta": 1550580515873,
    "relativePath": "image\\default_radio_button_on.png"
  },
  "4bab67cb-18e6-4099-b840-355f0473f890": {
    "asset": 1546831318000,
    "meta": 1550580515880,
    "relativePath": "image\\default_scrollbar_bg.png"
  },
  "617323dd-11f4-4dd3-8eec-0caf6b3b45b9": {
    "asset": 1546831318000,
    "meta": 1550580515893,
    "relativePath": "image\\default_scrollbar_vertical_bg.png"
  },
  "d6d3ca85-4681-47c1-b5dd-d036a9d39ea2": {
    "asset": 1546831318000,
    "meta": 1550580515895,
    "relativePath": "image\\default_scrollbar_vertical.png"
  },
  "0275e94c-56a7-410f-bd1a-fc7483f7d14a": {
    "asset": 1546831318000,
    "meta": 1550580515907,
    "relativePath": "image\\default_sprite_splash.png"
  },
  "0291c134-b3da-4098-b7b5-e397edbe947f": {
    "asset": 1546831318000,
    "meta": 1550580515912,
    "relativePath": "image\\default_scrollbar.png"
  },
  "73a0903d-d80e-4e3c-aa67-f999543c08f5": {
    "asset": 1546831318000,
    "meta": 1550580515924,
    "relativePath": "image\\default_toggle_checkmark.png"
  },
  "6e056173-d285-473c-b206-40a7fff5386e": {
    "asset": 1546831318000,
    "meta": 1550580515926,
    "relativePath": "image\\default_sprite.png"
  },
  "c25b9d50-c8fc-4d27-beeb-6e7c1f2e5c0f": {
    "asset": 1546831318000,
    "meta": 1550580515940,
    "relativePath": "image\\default_toggle_disabled.png"
  },
  "d29077ba-1627-4a72-9579-7b56a235340c": {
    "asset": 1546831318000,
    "meta": 1550580515941,
    "relativePath": "image\\default_toggle_normal.png"
  },
  "2be36297-9abb-4fee-8049-9ed5e271da8a": {
    "asset": 1546831318000,
    "meta": 1550580515952,
    "relativePath": "misc\\default_video.mp4"
  },
  "b181c1e4-0a72-4a91-bfb0-ae6f36ca60bd": {
    "asset": 1546831318000,
    "meta": 1550580515956,
    "relativePath": "image\\default_toggle_pressed.png"
  },
  "b2687ac4-099e-403c-a192-ff477686f4f5": {
    "asset": 1546831318000,
    "meta": 1550580516090,
    "relativePath": "particle\\atom.plist"
  },
  "b8223619-7e38-47c4-841f-9160c232495a": {
    "asset": 1546831318000,
    "meta": 1550580516094,
    "relativePath": "obsolete\\atom.plist"
  },
  "d0a82d39-bede-46c4-b698-c81ff0dedfff": {
    "asset": 1546831318000,
    "meta": 1550580515968,
    "relativePath": "particle\\atom.png"
  },
  "8a96b965-2dc0-4e03-aa90-3b79cb93b5b4": {
    "asset": 1546831318000,
    "meta": 1550580515973,
    "relativePath": "obsolete\\atom.png"
  },
  "972b9a4d-47ee-4c74-b5c3-61d8a69bc29f": {
    "asset": 1546831318000,
    "meta": 1550580515982,
    "relativePath": "prefab\\button.prefab"
  },
  "2c937608-2562-40ea-b264-7395df6f0cea": {
    "asset": 1546831318000,
    "meta": 1550580515983,
    "relativePath": "prefab\\canvas.prefab"
  },
  "61aeb05b-3b32-452b-8eed-2b76deeed554": {
    "asset": 1546831318000,
    "meta": 1550580515987,
    "relativePath": "prefab\\editbox.prefab"
  },
  "27756ebb-3d33-44b0-9b96-e858fadd4dd4": {
    "asset": 1546831318000,
    "meta": 1550580515988,
    "relativePath": "prefab\\label.prefab"
  },
  "785a442c-3ceb-45be-a46e-7317f625f3b9": {
    "asset": 1546831318000,
    "meta": 1550580515994,
    "relativePath": "prefab\\layout.prefab"
  },
  "ca8401fe-ad6e-41a8-bd46-8e3e4e9945be": {
    "asset": 1546831318000,
    "meta": 1550580515998,
    "relativePath": "prefab\\pageview.prefab"
  },
  "cd33edea-55f5-46c2-958d-357a01384a36": {
    "asset": 1546831318000,
    "meta": 1550580516004,
    "relativePath": "prefab\\particlesystem.prefab"
  },
  "5965ffac-69da-4b55-bcde-9225d0613c28": {
    "asset": 1546831318000,
    "meta": 1550580516005,
    "relativePath": "prefab\\progressBar.prefab"
  },
  "4a37dd57-78cd-4cec-aad4-f11a73d12b63": {
    "asset": 1546831318000,
    "meta": 1550580516014,
    "relativePath": "prefab\\richtext.prefab"
  },
  "32044bd2-481f-4cf1-a656-e2b2fb1594eb": {
    "asset": 1546831318000,
    "meta": 1550580516015,
    "relativePath": "prefab\\scrollview.prefab"
  },
  "0004d1cf-a0ad-47d8-ab17-34d3db9d35a3": {
    "asset": 1546831318000,
    "meta": 1550580516021,
    "relativePath": "prefab\\slider.prefab"
  },
  "1f55e3be-b89b-4b79-88de-47fd31018044": {
    "asset": 1546831318000,
    "meta": 1550580516022,
    "relativePath": "prefab\\sprite_splash.prefab"
  },
  "96083d03-c332-4a3f-9386-d03e2d19e8ee": {
    "asset": 1546831318000,
    "meta": 1550580516028,
    "relativePath": "prefab\\sprite.prefab"
  },
  "7de03a80-4457-438d-95a7-3e7cdffd6086": {
    "asset": 1546831318000,
    "meta": 1550580516029,
    "relativePath": "prefab\\tiledmap.prefab"
  },
  "0e42ba95-1fa1-46aa-b2cf-143cd1bcee2c": {
    "asset": 1546831318000,
    "meta": 1550580516037,
    "relativePath": "prefab\\tiledtile.prefab"
  },
  "0d784963-d024-4ea6-a7db-03be0ad63010": {
    "asset": 1546831318000,
    "meta": 1550580516038,
    "relativePath": "prefab\\toggle.prefab"
  },
  "bf0a434c-84dd-4a8e-a08a-7a36f180cc75": {
    "asset": 1546831318000,
    "meta": 1550580516052,
    "relativePath": "prefab\\toggleContainer.prefab"
  },
  "d1b8be49-b0a0-435c-83b7-552bed4bbe35": {
    "asset": 1546831318000,
    "meta": 1550580516053,
    "relativePath": "prefab\\toggleGroup.prefab"
  },
  "232d2782-c4bd-4bb4-9e01-909f03d6d3b9": {
    "asset": 1546831318000,
    "meta": 1550580516062,
    "relativePath": "prefab\\videoplayer.prefab"
  },
  "8c5001fd-07ee-4a4b-a8a0-63e15195e94d": {
    "asset": 1546831318000,
    "meta": 1550580516063,
    "relativePath": "prefab\\webview.prefab"
  }
}