{
  "f8e6b000-5643-4b86-9080-aa680ce1f599": {
    "asset": 1548404437973,
    "meta": 1546831318000,
    "relativePath": "image"
  },
  "fc09f9bd-2cce-4605-b630-8145ef809ed6": {
    "asset": 1548404395134,
    "meta": 1546831318000,
    "relativePath": "misc"
  },
  "f6e6dd15-71d1-4ffe-ace7-24fd39942c05": {
    "asset": 1548404438239,
    "meta": 1546831318000,
    "relativePath": "obsolete"
  },
  "f743d2b6-b7ea-4c14-a55b-547ed4d0a045": {
    "asset": 1548404438250,
    "meta": 1546831318000,
    "relativePath": "particle"
  },
  "ae6c6c98-11e4-452f-8758-75f5c6a56e83": {
    "asset": 1548404437985,
    "meta": 1546831318000,
    "relativePath": "prefab"
  },
  "nn1a991e-5d05-4604-9a56-e065c63fa41a": {
    "asset": 1550555157073,
    "meta": 1549771840296,
    "relativePath": "resources"
  },
  "e3ed764f-3714-4997-837b-cbf542882799": {
    "asset": 1550555152455,
    "meta": 1550493288385,
    "relativePath": "games"
  },
  "0c43a00d-4bb9-4a43-968a-e8330d437b55": {
    "asset": 1550555077558,
    "meta": 1550493318784,
    "relativePath": "games\\ddz"
  },
  "557d17f8-7681-483c-a5df-673335210b05": {
    "asset": 1550555161567,
    "meta": 1550493365305,
    "relativePath": "resources\\games"
  },
  "da534bef-54ec-4a2d-8f03-c4b5383bdb2b": {
    "asset": 1550555077803,
    "meta": 1550493382828,
    "relativePath": "resources\\games\\ddz"
  },
  "2a2e4ac6-e6ba-47c4-9a2a-a96ef1247fca": {
    "asset": 1550578082908,
    "meta": 1550578082926,
    "relativePath": "games\\ddz\\GameScene_DDZ.fire"
  },
  "12056704-9b1f-4819-860d-eb1719cdd2ce": {
    "asset": 1550493781242,
    "meta": 1550493781296,
    "relativePath": "resources\\games\\ddz\\audios"
  },
  "74b6ead9-2998-47ba-9bc9-01a180d4858d": {
    "asset": 1550555077548,
    "meta": 1550495621197,
    "relativePath": "games\\ddz\\res"
  },
  "c4e2d340-65a2-4399-9a24-33f71c4d4ae4": {
    "asset": 1550555077560,
    "meta": 1550495627132,
    "relativePath": "games\\ddz\\scripts"
  },
  "3d99626b-3b8f-4fd3-9894-44bb6a37595a": {
    "asset": 1550555077554,
    "meta": 1550495637191,
    "relativePath": "games\\ddz\\res\\textures"
  },
  "41146984-bde5-4ce9-899b-e4da043361af": {
    "asset": 1550495644565,
    "meta": 1550495644569,
    "relativePath": "games\\ddz\\res\\prefab"
  },
  "b322ade8-a419-481a-9b56-1622163cb561": {
    "asset": 1550494190227,
    "meta": 1550496472540,
    "relativePath": "games\\ddz\\res\\textures\\shezhi.png"
  },
  "80ec621c-dac2-475c-8d10-3f64c60b3453": {
    "asset": 1550494190227,
    "meta": 1550496472568,
    "relativePath": "games\\ddz\\res\\textures\\tuichu.png"
  },
  "dff026a9-b688-4258-ba36-2cc8d26201c0": {
    "asset": 1550499795390,
    "meta": 1550547434023,
    "relativePath": "games\\ddz\\scripts\\GameScene_DDZ.js"
  },
  "917ad792-1d35-4f96-b50d-7c39ae0c33cd": {
    "asset": 1550578065384,
    "meta": 1550578065440,
    "relativePath": "games\\ddz\\res\\textures\\bg_hall2.png"
  },
  "71561142-4c83-4933-afca-cb7a17f67053": {
    "asset": 1546831318000,
    "meta": 1550578409995,
    "relativePath": "image\\default_btn_disabled.png"
  },
  "e851e89b-faa2-4484-bea6-5c01dd9f06e2": {
    "asset": 1546831318000,
    "meta": 1550578409998,
    "relativePath": "image\\default_btn_normal.png"
  },
  "b43ff3c2-02bb-4874-81f7-f2dea6970f18": {
    "asset": 1546831318000,
    "meta": 1550578410010,
    "relativePath": "image\\default_btn_pressed.png"
  },
  "edd215b9-2796-4a05-aaf5-81f96c9281ce": {
    "asset": 1546831318000,
    "meta": 1550578410012,
    "relativePath": "image\\default_editbox_bg.png"
  },
  "d81ec8ad-247c-4e62-aa3c-d35c4193c7af": {
    "asset": 1546831318000,
    "meta": 1550578410022,
    "relativePath": "image\\default_panel.png"
  },
  "99170b0b-d210-46f1-b213-7d9e3f23098a": {
    "asset": 1546831318000,
    "meta": 1550578410024,
    "relativePath": "image\\default_progressbar_bg.png"
  },
  "567dcd80-8bf4-4535-8a5a-313f1caf078a": {
    "asset": 1546831318000,
    "meta": 1550578410036,
    "relativePath": "image\\default_radio_button_off.png"
  },
  "cfef78f1-c8df-49b7-8ed0-4c953ace2621": {
    "asset": 1546831318000,
    "meta": 1550578410038,
    "relativePath": "image\\default_progressbar.png"
  },
  "9d60001f-b5f4-4726-a629-2659e3ded0b8": {
    "asset": 1546831318000,
    "meta": 1550578410049,
    "relativePath": "image\\default_radio_button_on.png"
  },
  "4bab67cb-18e6-4099-b840-355f0473f890": {
    "asset": 1546831318000,
    "meta": 1550578410052,
    "relativePath": "image\\default_scrollbar_bg.png"
  },
  "617323dd-11f4-4dd3-8eec-0caf6b3b45b9": {
    "asset": 1546831318000,
    "meta": 1550578410064,
    "relativePath": "image\\default_scrollbar_vertical_bg.png"
  },
  "d6d3ca85-4681-47c1-b5dd-d036a9d39ea2": {
    "asset": 1546831318000,
    "meta": 1550578410065,
    "relativePath": "image\\default_scrollbar_vertical.png"
  },
  "0275e94c-56a7-410f-bd1a-fc7483f7d14a": {
    "asset": 1546831318000,
    "meta": 1550578410077,
    "relativePath": "image\\default_sprite_splash.png"
  },
  "0291c134-b3da-4098-b7b5-e397edbe947f": {
    "asset": 1546831318000,
    "meta": 1550578410080,
    "relativePath": "image\\default_scrollbar.png"
  },
  "6e056173-d285-473c-b206-40a7fff5386e": {
    "asset": 1546831318000,
    "meta": 1550578410090,
    "relativePath": "image\\default_sprite.png"
  },
  "73a0903d-d80e-4e3c-aa67-f999543c08f5": {
    "asset": 1546831318000,
    "meta": 1550578410093,
    "relativePath": "image\\default_toggle_checkmark.png"
  },
  "c25b9d50-c8fc-4d27-beeb-6e7c1f2e5c0f": {
    "asset": 1546831318000,
    "meta": 1550578410105,
    "relativePath": "image\\default_toggle_disabled.png"
  },
  "d29077ba-1627-4a72-9579-7b56a235340c": {
    "asset": 1546831318000,
    "meta": 1550578410107,
    "relativePath": "image\\default_toggle_normal.png"
  },
  "2be36297-9abb-4fee-8049-9ed5e271da8a": {
    "asset": 1546831318000,
    "meta": 1550578410117,
    "relativePath": "misc\\default_video.mp4"
  },
  "b181c1e4-0a72-4a91-bfb0-ae6f36ca60bd": {
    "asset": 1546831318000,
    "meta": 1550578410123,
    "relativePath": "image\\default_toggle_pressed.png"
  },
  "b2687ac4-099e-403c-a192-ff477686f4f5": {
    "asset": 1546831318000,
    "meta": 1550578410229,
    "relativePath": "particle\\atom.plist"
  },
  "b8223619-7e38-47c4-841f-9160c232495a": {
    "asset": 1546831318000,
    "meta": 1550578410230,
    "relativePath": "obsolete\\atom.plist"
  },
  "8a96b965-2dc0-4e03-aa90-3b79cb93b5b4": {
    "asset": 1546831318000,
    "meta": 1550578410138,
    "relativePath": "obsolete\\atom.png"
  },
  "d0a82d39-bede-46c4-b698-c81ff0dedfff": {
    "asset": 1546831318000,
    "meta": 1550578410141,
    "relativePath": "particle\\atom.png"
  },
  "972b9a4d-47ee-4c74-b5c3-61d8a69bc29f": {
    "asset": 1546831318000,
    "meta": 1550578410145,
    "relativePath": "prefab\\button.prefab"
  },
  "2c937608-2562-40ea-b264-7395df6f0cea": {
    "asset": 1546831318000,
    "meta": 1550578410146,
    "relativePath": "prefab\\canvas.prefab"
  },
  "61aeb05b-3b32-452b-8eed-2b76deeed554": {
    "asset": 1546831318000,
    "meta": 1550578410150,
    "relativePath": "prefab\\editbox.prefab"
  },
  "27756ebb-3d33-44b0-9b96-e858fadd4dd4": {
    "asset": 1546831318000,
    "meta": 1550578410151,
    "relativePath": "prefab\\label.prefab"
  },
  "785a442c-3ceb-45be-a46e-7317f625f3b9": {
    "asset": 1546831318000,
    "meta": 1550578410159,
    "relativePath": "prefab\\layout.prefab"
  },
  "ca8401fe-ad6e-41a8-bd46-8e3e4e9945be": {
    "asset": 1546831318000,
    "meta": 1550578410160,
    "relativePath": "prefab\\pageview.prefab"
  },
  "cd33edea-55f5-46c2-958d-357a01384a36": {
    "asset": 1546831318000,
    "meta": 1550578410167,
    "relativePath": "prefab\\particlesystem.prefab"
  },
  "5965ffac-69da-4b55-bcde-9225d0613c28": {
    "asset": 1546831318000,
    "meta": 1550578410168,
    "relativePath": "prefab\\progressBar.prefab"
  },
  "4a37dd57-78cd-4cec-aad4-f11a73d12b63": {
    "asset": 1546831318000,
    "meta": 1550578410174,
    "relativePath": "prefab\\richtext.prefab"
  },
  "32044bd2-481f-4cf1-a656-e2b2fb1594eb": {
    "asset": 1546831318000,
    "meta": 1550578410175,
    "relativePath": "prefab\\scrollview.prefab"
  },
  "0004d1cf-a0ad-47d8-ab17-34d3db9d35a3": {
    "asset": 1546831318000,
    "meta": 1550578410179,
    "relativePath": "prefab\\slider.prefab"
  },
  "1f55e3be-b89b-4b79-88de-47fd31018044": {
    "asset": 1546831318000,
    "meta": 1550578410182,
    "relativePath": "prefab\\sprite_splash.prefab"
  },
  "96083d03-c332-4a3f-9386-d03e2d19e8ee": {
    "asset": 1546831318000,
    "meta": 1550578410187,
    "relativePath": "prefab\\sprite.prefab"
  },
  "7de03a80-4457-438d-95a7-3e7cdffd6086": {
    "asset": 1546831318000,
    "meta": 1550578410188,
    "relativePath": "prefab\\tiledmap.prefab"
  },
  "0e42ba95-1fa1-46aa-b2cf-143cd1bcee2c": {
    "asset": 1546831318000,
    "meta": 1550578410191,
    "relativePath": "prefab\\tiledtile.prefab"
  },
  "0d784963-d024-4ea6-a7db-03be0ad63010": {
    "asset": 1546831318000,
    "meta": 1550578410192,
    "relativePath": "prefab\\toggle.prefab"
  },
  "bf0a434c-84dd-4a8e-a08a-7a36f180cc75": {
    "asset": 1546831318000,
    "meta": 1550578410202,
    "relativePath": "prefab\\toggleContainer.prefab"
  },
  "d1b8be49-b0a0-435c-83b7-552bed4bbe35": {
    "asset": 1546831318000,
    "meta": 1550578410203,
    "relativePath": "prefab\\toggleGroup.prefab"
  },
  "232d2782-c4bd-4bb4-9e01-909f03d6d3b9": {
    "asset": 1546831318000,
    "meta": 1550578410206,
    "relativePath": "prefab\\videoplayer.prefab"
  },
  "8c5001fd-07ee-4a4b-a8a0-63e15195e94d": {
    "asset": 1546831318000,
    "meta": 1550578410207,
    "relativePath": "prefab\\webview.prefab"
  }
}