{
  "actualPlatform": "android",
  "apiLevel": "android-26",
  "appABIs": [
    "arm64-v8a",
    "armeabi-v7a"
  ],
  "buildPath": "F:\\Project_Build\\Build_Update_Game_Demo\\BJL",
  "debug": false,
  "embedWebDebugger": false,
  "keystoreAlias": "",
  "keystoreAliasPassword": "",
  "keystorePassword": "",
  "keystorePath": "",
  "platform": "android",
  "previewHeight": "720",
  "previewWidth": "1280",
  "sourceMaps": false,
  "template": "default",
  "useDebugKeystore": true,
  "vsVersion": "auto"
}