{
  "services": [
    {
      "service_id": "235",
      "service_name": "Cocos Analytics",
      "service_desc": "提供最核心最基本的数据、标准化界面功能简洁易用、数据准确性最好",
      "service_title": "精准了解游戏的新增、活跃、留存、付费等数据",
      "service_icon": "https://account.cocos.com/client/3f8f31ccf66995e183044f167c092395.png",
      "service_guide_url": "https://analytics.cocos.com/docs/",
      "service_sample_url": "https://github.com/cocos-creator/tutorial-dark-slash/tree/analytics",
      "service_dev_url": "http://analytics.cocos.com/realtime/jump_to/<app_id>",
      "service_type": "3",
      "service_type_zh": "公司和个人游戏",
      "support_platform": [
        "Android",
        "iOS",
        "HTML5"
      ],
      "package_download_url": "http://download.cocos.com/CocosServices/plugins/service-analytics/1.1.2_2.0.0.zip",
      "package_version_desc": "CocosAnalytics 全新更新，简洁的接口方式，界面展示更直观。<br>新增接口： 自定义事件接口。<br>功能模块： 游戏概览、 玩家信息、 收入分析<br><br>我们将大力支持该服务功能并陆续开放更多维度统计和功能， 敬请期待！<br><br>特别注意:<br> 1、 请尽快新版统计的迁移工作， 旧版将在 2019 年7月31日后停止服务， 新版本接口兼容旧版接口， 只需要下载最新的SDK进行替换更新。<br>2、 由于新旧两个版本对应数据服务不一样， 现不支持数据迁移。 切换到新版数据重新统计。（ 抱歉！）<br>3、 如有相关问题咨询或者需求， 可以联系我们技术支持邮箱 <a href=' '>support-cocos@cocos.com</a>",
      "service_component_name": "service-analytics",
      "package_versions": [
        "1.0.0_1.0.5",
        "1.1.2_2.0.0"
      ],
      "build_platform": [
        "web-mobile",
        "web-desktop",
        "fb-instant-games",
        "wechatgame",
        "wechatgame-subcontext",
        "qqplay",
        "android",
        "android-instant",
        "ios",
        "mac",
        "quickgame",
        "qgame",
        "huawei"
      ]
    },
    {
      "service_id": "241",
      "service_name": "Matchvs",
      "service_desc": "通过SDK接入快速实现联网功能、帧同步、国内外多节点、服务器独立部署、gameServer自定义游戏服务端逻辑。\n技术支持群QQ群：450335262",
      "service_title": "专业成熟的移动游戏联网与服务端解决方案",
      "service_icon": "https://account.cocos.com/client/14406719a07eb3d714d36e5edc6e06fa.png",
      "service_guide_url": "http://doc.matchvs.com/QuickStart/QuickStart-CocosCreator",
      "service_sample_url": "http://www.matchvs.com/serviceCourse",
      "service_dev_url": "http://www.matchvs.com/cocosLogin",
      "service_type": "2",
      "service_type_zh": "仅支持公司游戏",
      "support_platform": [
        "Android",
        "iOS",
        "HTML5"
      ],
      "package_download_url": "http://download.cocos.com/CocosServices/plugins/service-matchvs/1.0.5_3.7.7.3.zip",
      "package_version_desc": "",
      "service_component_name": "service-matchvs",
      "package_versions": [
      ],
      "build_platform": [
      ]
    },
    {
      "service_id": "7",
      "service_name": "AnySDK",
      "service_desc": "800+渠道、支持多平台多引擎、安全稳定的本地打包工具。技术支持：https://forum.cocos.com/c/anysdk",
      "service_title": "游戏快速接入第三方SDK的解决方案",
      "service_icon": "https://account.cocos.com/client/3ba1fcf9029140cf08d95813e387d04a.png",
      "service_guide_url": "http://docs.anysdk.com",
      "service_sample_url": "http://github.com/AnySDK",
      "service_dev_url": "http://dev.anysdk.com",
      "service_type": "2",
      "service_type_zh": "仅支持公司游戏",
      "support_platform": [
        "Android",
        "iOS",
        "HTML5"
      ],
      "package_download_url": "http://download.cocos.com/CocosServices/plugins/service-anysdk/1.0.0_2.2.5.zip",
      "package_version_desc": "",
      "service_component_name": "service-anysdk",
      "package_versions": [
        "1.0.0_2.2.5"
      ],
      "build_platform": [
      ]
    }
  ]
}
